0,0,0
1.75942e-09,-5.66323e-10,8.50136e-10
9.44384e-09,4.45624e-09,4.92268e-09
3.81849e-08,2.93421e-08,2.04456e-08
1.13013e-07,9.77069e-08,6.10255e-08
2.68694e-07,2.42359e-07,1.45557e-07
5.49575e-07,5.05152e-07,2.98133e-07
1.00942e-06,9.36837e-07,5.47954e-07
1.71125e-06,1.59692e-06,9.29241e-07
2.72719e-06,2.55351e-06,1.48115e-06
4.13834e-06,3.88318e-06,2.24767e-06
6.03454e-06,5.67083e-06,3.27756e-06
8.51433e-06,8.00954e-06,4.62425e-06
1.16847e-05,1.10004e-05,6.34574e-06
1.5661e-05,1.47525e-05,8.50456e-06
2.05668e-05,1.93826e-05,1.11676e-05
2.65335e-05,2.5015e-05,1.44062e-05
3.37008e-05,3.17817e-05,1.82958e-05
4.22158e-05,3.9822e-05,2.29161e-05
5.22333e-05,4.92822e-05,2.83509e-05
6.39155e-05,6.03159e-05,3.46878e-05
7.74321e-05,7.30836e-05,4.20188e-05
9.29598e-05,8.77527e-05,5.04391e-05
0.000110682,0.000104497,6.00483e-05
0.00013079,0.000123497,7.09492e-05
0.000153481,0.000144941,8.32484e-05
0.000178959,0.00016902,9.70561e-05
0.000207434,0.000195935,0.000112486
0.000239124,0.000225891,0.000129655
0.000274251,0.0002591,0.000148683
0.000313044,0.000295779,0.000169693
0.000355739,0.000336151,0.000192813
0.000402576,0.000380444,0.000218173
0.000453802,0.000428893,0.000245904
0.000509668,0.000481736,0.000276142
0.000570434,0.000539218,0.000309027
0.00063636,0.000601588,0.000344698
0.000707715,0.000669102,0.000383301
0.000784772,0.000742018,0.000424982
0.00086781,0.000820601,0.00046989
0.000957109,0.000905119,0.000518178
0.00105296,0.000995845,0.000569998
0.00115565,0.00109306,0.000625508
0.00126548,0.00119704,0.000684866
0.00138275,0.00130807,0.000748235
0.00150776,0.00142645,0.000815776
0.00164082,0.00155247,0.000887655
0.00178225,0.00168642,0.00096404
0.00193237,0.00182861,0.0010451
0.00209148,0.00197934,0.00113101
0.00225992,0.00213893,0.00122193
0.00243801,0.00230768,0.00131806
0.00262609,0.00248591,0.00141955
0.00282449,0.00267393,0.00152659
0.00303354,0.00287208,0.00163936
0.00325359,0.00308067,0.00175804
0.00348497,0.00330004,0.00188282
0.00372805,0.00353051,0.00201387
0.00398316,0.00377242,0.00215139
0.00425065,0.0040261,0.00229556
0.00453088,0.00429189,0.00244657
0.00482422,0.00457013,0.00260461
0.005131,0.00486117,0.00276987
0.0054516,0.00516535,0.00294254
0.00578639,0.00548302,0.00312281
0.00613571,0.00581453,0.00331088
0.00649995,0.00616023,0.00350694
0.00687947,0.00652048,0.00371119
0.00727464,0.00689562,0.00392382
0.00768583,0.00728602,0.00414503
0.00811342,0.00769204,0.00437503
0.00855779,0.00811403,0.00461399
0.0090193,0.00855235,0.00486214
0.00949834,0.00900738,0.00511965
0.00999528,0.00947947,0.00538675
0.0105105,0.009969,0.00566362
0.0110444,0.0104763,0.00595046
0.0115974,0.0110018,0.00624748
0.0121697,0.0115458,0.00655488
0.0127619,0.0121087,0.00687286
0.0133743,0.0126909,0.00720162
0.0140073,0.0132928,0.00754136
0.0146612,0.0139146,0.00789229
0.0153365,0.0145568,0.00825461
0.0160336,0.0152198,0.00862852
0.0167527,0.0159039,0.00901422
0.0174944,0.0166096,0.00941192
0.018259,0.0173371,0.00982181
0.0190469,0.0180868,0.0102441
0.0198584,0.0188592,0.010679
0.020694,0.0196546,0.0111267
0.021554,0.0204734,0.0115874
0.0224389,0.0213159,0.0120613
0.023349,0.0221825,0.0125486
0.0242847,0.0230737,0.0130495
0.0252463,0.0239896,0.0135642
0.0262343,0.0249309,0.0140929
0.0272491,0.0258977,0.0146358
0.028291,0.0268905,0.0151931
0.0293605,0.0279097,0.015765
0.0304578,0.0289556,0.0163516
0.0315834,0.0300286,0.0169533
0.0327376,0.0311291,0.0175702
0.0339209,0.0322574,0.0182024
0.0351335,0.0334139,0.0188502
0.036376,0.034599,0.0195138
0.0376486,0.0358129,0.0201933
0.0389517,0.0370562,0.0208889
0.0402857,0.0383292,0.0216009
0.041651,0.0396321,0.0223295
0.0430479,0.0409655,0.0230747
0.0444768,0.0423295,0.0238368
0.0459381,0.0437247,0.0246161
0.0474321,0.0451514,0.0254125
0.0489592,0.0466098,0.0262265
0.0505197,0.0481004,0.0270581
0.0521141,0.0496235,0.0279075
0.0537425,0.0511795,0.0287749
0.0554055,0.0527687,0.0296605
0.0571034,0.0543915,0.0305644
0.0588365,0.0560481,0.0314868
0.0606051,0.057739,0.032428
0.0624097,0.0594645,0.0333881
0.0642505,0.061225,0.0343672
0.0661278,0.0630207,0.0353655
0.0680421,0.064852,0.0363832
0.0699937,0.0667192,0.0374205
0.0719829,0.0686228,0.0384775
0.0740099,0.0705629,0.0395544
0.0760753,0.0725399,0.0406513
0.0781792,0.0745542,0.0417685
0.080322,0.0766061,0.042906
0.082504,0.0786959,0.0440641
0.0847256,0.0808239,0.0452429
0.086987,0.0829904,0.0464425
0.0892886,0.0851957,0.0476631
0.0916307,0.0874402,0.0489049
0.0940135,0.0897242,0.0501679
0.0964374,0.0920479,0.0514525
0.0989027,0.0944117,0.0527586
0.10141,0.0968159,0.0540864
0.103959,0.0992608,0.0554361
0.10655,0.101747,0.0568079
0.109184,0.104274,0.0582018
0.11186,0.106842,0.0596181
0.11458,0.109453,0.0610567
0.117343,0.112105,0.0625179
0.12015,0.1148,0.0640019
0.123001,0.117538,0.0655087
0.125896,0.120319,0.0670384
0.128835,0.123142,0.0685912
0.131819,0.12601,0.0701672
0.134848,0.128921,0.0717666
0.137923,0.131876,0.0733893
0.141043,0.134875,0.0750357
0.144208,0.137919,0.0767057
0.14742,0.141008,0.0783996
0.150678,0.144142,0.0801173
0.153982,0.147321,0.081859
0.157333,0.150546,0.0836249
0.160731,0.153816,0.085415
0.164176,0.157132,0.0872295
0.167669,0.160495,0.0890683
0.171209,0.163904,0.0909317
0.174797,0.16736,0.0928197
0.178433,0.170863,0.0947324
0.182117,0.174413,0.0966699
0.18585,0.178011,0.0986324
0.189631,0.181656,0.10062
0.193461,0.185348,0.102632
0.19734,0.189089,0.10467
0.201268,0.192878,0.106733
0.205246,0.196716,0.108821
0.209273,0.200602,0.110934
0.21335,0.204537,0.113074
0.217477,0.208521,0.115238
0.221654,0.212554,0.117428
0.225882,0.216636,0.119644
0.230159,0.220769,0.121886
0.234488,0.22495,0.124153
0.238867,0.229182,0.126446
0.243297,0.233464,0.128765
0.247777,0.237796,0.13111
0.252309,0.242178,0.133481
0.256893,0.246611,0.135879
0.261527,0.251095,0.138302
0.266214,0.25563,0.140751
0.270952,0.260215,0.143227
0.275741,0.264852,0.145729
0.280583,0.26954,0.148257
0.285477,0.27428,0.150811
0.290422,0.279071,0.153392
0.29542,0.283913,0.155999
0.30047,0.288808,0.158633
0.305573,0.293755,0.161293
0.310728,0.298753,0.16398
0.315936,0.303804,0.166693
0.321196,0.308907,0.169432
0.32651,0.314063,0.172198
0.331876,0.31927,0.174991
0.337294,0.324531,0.17781
0.342766,0.329844,0.180655
0.348291,0.33521,0.183528
0.353869,0.340629,0.186426
0.3595,0.346101,0.189352
0.365184,0.351626,0.192303
0.370921,0.357204,0.195282
0.376712,0.362835,0.198287
0.382556,0.368519,0.201318
0.388453,0.374257,0.204377
0.394403,0.380048,0.207461
0.400407,0.385892,0.210572
0.406464,0.39179,0.21371
0.412575,0.397742,0.216874
0.418739,0.403747,0.220064
0.424956,0.409806,0.223281
0.431227,0.415918,0.226525
0.437551,0.422084,0.229794
0.443928,0.428304,0.23309
0.450359,0.434577,0.236413
0.456843,0.440904,0.239761
0.463381,0.447285,0.243136
0.469972,0.45372,0.246537
0.476616,0.460209,0.249965
0.483313,0.466751,0.253418
0.490064,0.473348,0.256897
0.496867,0.479998,0.260402
0.503724,0.486702,0.263934
0.510634,0.49346,0.267491
0.517597,0.500271,0.271074
0.524613,0.507136,0.274682
0.531681,0.514055,0.278317
0.538803,0.521028,0.281977
0.545977,0.528055,0.285663
0.553204,0.535135,0.289374
0.560483,0.542269,0.29311
0.567815,0.549456,0.296872
0.575199,0.556698,0.300659
0.582636,0.563992,0.304472
0.590125,0.57134,0.308309
0.597666,0.578742,0.312172
0.605259,0.586197,0.316059
0.612904,0.593705,0.319972
0.6206,0.601266,0.323909
0.628349,0.608881,0.32787
0.636149,0.616549,0.331857
0.644,0.62427,0.335868
0.651903,0.632043,0.339903
0.659857,0.63987,0.343963
0.667862,0.647749,0.348046
0.675917,0.655682,0.352154
0.684024,0.663666,0.356286
0.692181,0.671704,0.360442
0.700388,0.679793,0.364621
0.708646,0.687935,0.368824
0.716954,0.69613,0.37305
0.725312,0.704376,0.3773
0.73372,0.712674,0.381573
0.742177,0.721025,0.38587
0.750684,0.729427,0.390189
0.75924,0.73788,0.394531
0.767845,0.746385,0.398896
0.776499,0.754942,0.403284
0.785202,0.76355,0.407694
0.793953,0.772209,0.412126
0.802753,0.780918,0.416581
0.811601,0.789679,0.421058
0.820496,0.79849,0.425557
0.829439,0.807352,0.430078
0.83843,0.816265,0.43462
0.847468,0.825227,0.439184
0.856553,0.83424,0.443769
0.865685,0.843302,0.448375
0.874863,0.852415,0.453002
0.884088,0.861576,0.457651
0.893359,0.870788,0.46232
0.902676,0.880048,0.467009
0.912039,0.889358,0.47172
0.921447,0.898716,0.47645
0.9309,0.908123,0.4812
0.940398,0.917578,0.485971
0.94994,0.927082,0.490761
0.959527,0.936634,0.495571
0.969159,0.946234,0.5004
0.978833,0.955881,0.505248
0.988552,0.965577,0.510116
0.998314,0.975319,0.515002
1.00812,0.985109,0.519907
1.01797,0.994945,0.524831
1.02786,1.00483,0.529773
1.03779,1.01476,0.534733
1.04776,1.02473,0.539711
1.05778,1.03476,0.544707
1.06784,1.04482,0.54972
1.07794,1.05494,0.554751
1.08808,1.06509,0.5598
1.09826,1.0753,0.564865
1.10847,1.08555,0.569947
1.11874,1.09584,0.575045
1.12903,1.10618,0.58016
1.13937,1.11656,0.585292
1.14975,1.12698,0.590439
1.16017,1.13745,0.595603
1.17062,1.14797,0.600782
1.18111,1.15852,0.605976
1.19164,1.16912,0.611186
1.20221,1.17976,0.61641
1.21281,1.19045,0.621649
1.22345,1.20117,0.626904
1.23413,1.21194,0.632172
1.24484,1.22275,0.637455
1.25559,1.2336,0.642751
1.26637,1.24449,0.648061
1.27719,1.25542,0.653385
1.28804,1.26639,0.658722
1.29893,1.27741,0.664072
1.30985,1.28846,0.669435
1.32081,1.29955,0.67481
1.33179,1.31068,0.680198
1.34281,1.32186,0.685599
1.35387,1.33306,0.691011
1.36495,1.34431,0.696434
1.37607,1.3556,0.70187
1.38721,1.36692,0.707316
1.39839,1.37828,0.712774
1.4096,1.38968,0.718242
1.42084,1.40112,0.723721
1.43211,1.41259,0.72921
1.4434,1.4241,0.73471
1.45473,1.43565,0.740219
1.46609,1.44723,0.745738
1.47747,1.45884,0.751266
1.48888,1.47049,0.756803
1.50032,1.48218,0.76235
1.51179,1.4939,0.767904
1.52328,1.50566,0.773468
1.5348,1.51744,0.779039
1.54634,1.52927,0.784618
1.55791,1.54112,0.790205
1.56951,1.55301,0.7958
1.58112,1.56493,0.801401
1.59277,1.57688,0.80701
1.60444,1.58887,0.812625
1.61613,1.60088,0.818247
1.62784,1.61293,0.823874
1.63958,1.62501,0.829508
1.65133,1.63712,0.835147
1.66311,1.64926,0.840792
1.67491,1.66143,0.846443
1.68673,1.67363,0.852097
1.69858,1.68585,0.857757
1.71044,1.69811,0.863421
1.72232,1.7104,0.869089
1.73422,1.72271,0.874761
1.74614,1.73505,0.880437
1.75808,1.74742,0.886115
1.77004,1.75981,0.891797
1.78201,1.77224,0.897482
1.794,1.78468,0.90317
1.806,1.79716,0.90886
1.81803,1.80966,0.914551
1.83006,1.82218,0.920245
1.84212,1.83473,0.925941
1.85419,1.84731,0.931637
1.86627,1.85991,0.937334
1.87837,1.87253,0.943033
1.89048,1.88518,0.948731
1.9026,1.89785,0.95443
1.91473,1.91054,0.960129
1.92688,1.92326,0.965828
1.93904,1.93599,0.971525
1.95121,1.94875,0.977223
1.96339,1.96153,0.982919
1.97558,1.97433,0.988613
1.98778,1.98715,0.994306
1.99999,2,0.999997
2.01222,2.01286,1.00569
2.02444,2.02574,1.01137
2.03668,2.03864,1.01706
2.04892,2.05156,1.02274
2.06117,2.06449,1.02842
2.07343,2.07745,1.03409
2.0857,2.09042,1.03976
2.09796,2.10341,1.04543
2.11024,2.11642,1.05109
2.12252,2.12944,1.05674
2.1348,2.14248,1.0624
2.14709,2.15554,1.06804
2.15938,2.16861,1.07369
2.17168,2.18169,1.07932
2.18397,2.19479,1.08495
2.19627,2.20791,1.09057
2.20857,2.22104,1.09619
2.22087,2.23418,1.1018
2.23317,2.24733,1.10741
2.24548,2.2605,1.113
2.25778,2.27368,1.11859
2.27008,2.28687,1.12417
2.28238,2.30007,1.12974
2.29468,2.31329,1.13531
2.30697,2.32651,1.14086
2.31927,2.33975,1.14641
2.33156,2.35299,1.15195
2.34385,2.36625,1.15748
2.35613,2.37951,1.16299
2.36841,2.39279,1.1685
2.38068,2.40607,1.174
2.39295,2.41936,1.17949
2.40521,2.43265,1.18496
2.41747,2.44596,1.19043
2.42972,2.45927,1.19588
2.44196,2.47259,1.20133
2.4542,2.48591,1.20676
2.46642,2.49924,1.21217
2.47864,2.51258,1.21758
2.49085,2.52592,1.22297
2.50305,2.53927,1.22835
2.51524,2.55261,1.23372
2.52741,2.56597,1.23907
2.53958,2.57933,1.24441
2.55174,2.59268,1.24974
2.56388,2.60605,1.25505
2.57601,2.61941,1.26035
2.58813,2.63278,1.26563
2.60024,2.64615,1.2709
2.61233,2.65952,1.27615
2.62441,2.67289,1.28138
2.63647,2.68626,1.2866
2.64852,2.69963,1.29181
2.66055,2.713,1.29699
2.67256,2.72637,1.30216
2.68456,2.73974,1.30732
2.69655,2.75311,1.31245
2.70851,2.76647,1.31757
2.72046,2.77984,1.32268
2.73239,2.7932,1.32776
2.74429,2.80655,1.33282
2.75618,2.81991,1.33787
2.76806,2.83326,1.3429
2.77991,2.8466,1.34791
2.79173,2.85995,1.3529
2.80354,2.87328,1.35787
2.81533,2.88662,1.36282
2.82709,2.89994,1.36775
2.83884,2.91326,1.37265
2.85056,2.92657,1.37754
2.86225,2.93988,1.38241
2.87392,2.95318,1.38726
2.88557,2.96647,1.39208
2.89719,2.97976,1.39689
2.90879,2.99303,1.40167
2.92036,3.0063,1.40643
2.93191,3.01956,1.41117
2.94343,3.03281,1.41588
2.95492,3.04605,1.42058
2.96639,3.05928,1.42525
2.97782,3.0725,1.42989
2.98923,3.0857,1.43452
3.00061,3.0989,1.43911
3.01196,3.11208,1.44369
3.02328,3.12526,1.44824
3.03458,3.13842,1.45277
3.04584,3.15157,1.45727
3.05707,3.1647,1.46174
3.06826,3.17782,1.46619
3.07943,3.19093,1.47062
3.09056,3.20403,1.47502
3.10166,3.2171,1.47939
3.11273,3.23017,1.48374
3.12377,3.24322,1.48806
3.13477,3.25625,1.49235
3.14573,3.26927,1.49662
3.15666,3.28227,1.50086
3.16756,3.29526,1.50507
3.17842,3.30823,1.50926
3.18924,3.32118,1.51341
3.20003,3.33411,1.51754
3.21078,3.34702,1.52164
3.2215,3.35992,1.52571
3.23217,3.3728,1.52976
3.24281,3.38566,1.53377
3.25341,3.3985,1.53775
3.26396,3.41132,1.54171
3.27448,3.42412,1.54563
3.28496,3.4369,1.54953
3.2954,3.44966,1.5534
3.3058,3.46239,1.55723
3.31616,3.47511,1.56103
3.32648,3.4878,1.56481
3.33675,3.50048,1.56855
3.34698,3.51313,1.57226
3.35717,3.52575,1.57594
3.36732,3.53836,1.57959
3.37742,3.55094,1.5832
3.38748,3.56349,1.58679
3.39749,3.57603,1.59034
3.40746,3.58853,1.59386
3.41739,3.60102,1.59735
3.42726,3.61347,1.6008
3.4371,3.62591,1.60422
3.44688,3.63831,1.60761
3.45662,3.65069,1.61096
3.46631,3.66305,1.61428
3.47596,3.67538,1.61756
3.48556,3.68768,1.62081
3.49511,3.69995,1.62403
3.50461,3.71219,1.62721
3.51406,3.72441,1.63036
3.52346,3.7366,1.63347
3.53281,3.74876,1.63655
3.54211,3.76089,1.63959
3.55137,3.773,1.6426
3.56057,3.78507,1.64557
3.56972,3.79711,1.6485
3.57881,3.80912,1.6514
3.58786,3.82111,1.65426
3.59685,3.83306,1.65708
3.60579,3.84498,1.65987
3.61468,3.85687,1.66262
3.62352,3.86872,1.66534
3.6323,3.88055,1.66801
3.64102,3.89234,1.67065
3.64969,3.9041,1.67325
3.65831,3.91583,1.67582
3.66687,3.92752,1.67834
3.67538,3.93918,1.68083
3.68383,3.95081,1.68328
3.69222,3.9624,1.68569
3.70056,3.97396,1.68806
3.70884,3.98549,1.69039
3.71707,3.99698,1.69269
3.72523,4.00843,1.69494
3.73334,4.01985,1.69715
3.74139,4.03123,1.69933
3.74938,4.04258,1.70146
3.75731,4.05389,1.70356
3.76519,4.06516,1.70561
3.773,4.0764,1.70763
3.78075,4.0876,1.7096
3.78845,4.09876,1.71154
3.79608,4.10989,1.71343
3.80365,4.12098,1.71528
3.81116,4.13203,1.71709
3.81861,4.14304,1.71886
3.826,4.15401,1.72059
3.83333,4.16494,1.72228
3.84059,4.17583,1.72392
3.84779,4.18669,1.72552
3.85493,4.1975,1.72708
3.862,4.20828,1.7286
3.86901,4.21901,1.73008
3.87596,4.2297,1.73151
3.88284,4.24036,1.7329
3.88966,4.25097,1.73425
3.89641,4.26154,1.73556
3.9031,4.27207,1.73682
3.90972,4.28256,1.73804
3.91628,4.293,1.73921
3.92277,4.3034,1.74035
3.92919,4.31376,1.74144
3.93555,4.32408,1.74248
3.94184,4.33436,1.74348
3.94807,4.34459,1.74444
3.95422,4.35478,1.74535
3.96031,4.36492,1.74622
3.96633,4.37502,1.74704
3.97229,4.38508,1.74782
3.97817,4.39509,1.74856
3.98399,4.40506,1.74925
3.98973,4.41498,1.74989
3.99541,4.42486,1.7505
4.00102,4.43469,1.75105
4.00656,4.44448,1.75156
4.01203,4.45422,1.75202
4.01743,4.46392,1.75244
4.02276,4.47357,1.75282
4.02801,4.48317,1.75314
4.0332,4.49273,1.75343
4.03832,4.50224,1.75366
4.04336,4.51171,1.75385
4.04833,4.52112,1.754
4.05323,4.53049,1.75409
4.05806,4.53981,1.75414
4.06282,4.54909,1.75415
4.0675,4.55831,1.75411
4.07211,4.56749,1.75402
4.07665,4.57662,1.75388
4.08111,4.5857,1.7537
4.0855,4.59473,1.75347
4.08982,4.60372,1.75319
4.09407,4.61265,1.75287
4.09823,4.62154,1.7525
4.10233,4.63037,1.75208
4.10635,4.63916,1.75162
4.1103,4.6479,1.7511
4.11417,4.65658,1.75054
4.11796,4.66522,1.74993
4.12168,4.67381,1.74928
4.12533,4.68234,1.74857
4.12889,4.69083,1.74782
4.13239,4.69926,1.74702
4.1358,4.70764,1.74617
4.13915,4.71598,1.74527
4.14241,4.72426,1.74433
4.1456,4.73249,1.74334
4.14871,4.74067,1.7423
4.15174,4.74879,1.74121
4.1547,4.75687,1.74007
4.15758,4.76489,1.73888
4.16038,4.77286,1.73764
4.1631,4.78077,1.73636
4.16575,4.78864,1.73503
4.16831,4.79645,1.73364
4.1708,4.80421,1.73221
4.17322,4.81192,1.73073
4.17555,4.81957,1.7292
4.1778,4.82717,1.72762
4.17998,4.83471,1.726
4.18207,4.84221,1.72432
4.18409,4.84965,1.72259
4.18603,4.85703,1.72082
4.18789,4.86436,1.71899
4.18967,4.87164,1.71712
4.19136,4.87886,1.7152
4.19298,4.88603,1.71322
4.19452,4.89315,1.7112
4.19598,4.90021,1.70913
4.19736,4.90721,1.70701
4.19866,4.91416,1.70484
4.19988,4.92105,1.70262
4.20102,4.92789,1.70034
4.20207,4.93468,1.69802
4.20305,4.94141,1.69565
4.20394,4.94808,1.69323
4.20476,4.9547,1.69076
4.20549,4.96126,1.68824
4.20614,4.96777,1.68567
4.20671,4.97422,1.68305
4.2072,4.98062,1.68038
4.20761,4.98696,1.67766
4.20793,4.99324,1.67489
4.20818,4.99947,1.67207
4.20834,5.00564,1.6692
4.20842,5.01175,1.66628
4.20841,5.01781,1.66331
4.20833,5.02381,1.66029
4.20816,5.02976,1.65722
4.20791,5.03564,1.6541
4.20758,5.04147,1.65093
4.20717,5.04725,1.64771
4.20667,5.05297,1.64444
4.20609,5.05863,1.64111
4.20543,5.06423,1.63774
4.20468,5.06977,1.63432
4.20386,5.07526,1.63085
4.20295,5.08069,1.62733
4.20195,5.08607,1.62375
4.20088,5.09138,1.62013
4.19972,5.09664,1.61646
4.19847,5.10184,1.61274
4.19715,5.10698,1.60896
4.19574,5.11207,1.60514
4.19425,5.11709,1.60127
4.19267,5.12206,1.59734
4.19101,5.12697,1.59337
4.18927,5.13183,1.58935
4.18744,5.13662,1.58527
4.18553,5.14136,1.58115
4.18354,5.14604,1.57697
4.18146,5.15066,1.57275
4.1793,5.15522,1.56848
4.17706,5.15972,1.56415
4.17473,5.16417,1.55978
4.17232,5.16856,1.55535
4.16982,5.17288,1.55088
4.16725,5.17716,1.54636
4.16458,5.18137,1.54178
4.16184,5.18552,1.53716
4.15901,5.18962,1.53248
4.1561,5.19365,1.52776
4.1531,5.19763,1.52299
4.15002,5.20155,1.51817
4.14685,5.20541,1.51329
4.14361,5.20921,1.50837
4.14027,5.21295,1.5034
4.13686,5.21663,1.49838
4.13336,5.22026,1.49331
4.12977,5.22383,1.48819
4.12611,5.22733,1.48302
4.12236,5.23078,1.4778
4.11852,5.23417,1.47253
4.1146,5.2375,1.46721
4.1106,5.24077,1.46185
4.10652,5.24399,1.45643
4.10235,5.24714,1.45097
4.0981,5.25024,1.44545
4.09376,5.25327,1.43989
4.08934,5.25625,1.43428
4.08484,5.25917,1.42862
4.08025,5.26203,1.42291
4.07558,5.26483,1.41715
4.07083,5.26757,1.41134
4.066,5.27026,1.40548
4.06108,5.27288,1.39958
4.05608,5.27545,1.39363
4.05099,5.27796,1.38762
4.04582,5.2804,1.38157
4.04057,5.28279,1.37548
4.03523,5.28512,1.36933
4.02982,5.28739,1.36314
4.02432,5.28961,1.35689
4.01873,5.29176,1.3506
4.01307,5.29386,1.34426
4.00732,5.29589,1.33788
4.00149,5.29787,1.33144
3.99558,5.29979,1.32496
3.98958,5.30165,1.31843
3.9835,5.30346,1.31186
3.97734,5.3052,1.30523
3.9711,5.30688,1.29856
3.96477,5.30851,1.29184
3.95837,5.31008,1.28507
3.95188,5.31159,1.27826
3.94531,5.31304,1.2714
3.93866,5.31444,1.26449
3.93192,5.31577,1.25754
3.92511,5.31705,1.25054
3.91821,5.31827,1.24349
3.91123,5.31943,1.2364
3.90417,5.32053,1.22926
3.89703,5.32158,1.22207
3.88981,5.32256,1.21484
3.88251,5.32349,1.20756
3.87513,5.32436,1.20023
3.86766,5.32517,1.19286
3.86012,5.32593,1.18545
3.85249,5.32663,1.17798
3.84479,5.32727,1.17047
3.837,5.32785,1.16292
3.82914,5.32838,1.15532
3.82119,5.32884,1.14768
3.81317,5.32925,1.13999
3.80506,5.32961,1.13225
3.79688,5.3299,1.12448
3.78861,5.33014,1.11665
3.78027,5.33032,1.10878
3.77185,5.33045,1.10087
3.76335,5.33051,1.09291
3.75477,5.33052,1.08491
3.74611,5.33048,1.07686
3.73737,5.33038,1.06877
3.72856,5.33022,1.06064
3.71966,5.33,1.05246
3.71069,5.32973,1.04424
3.70164,5.3294,1.03597
3.69252,5.32901,1.02767
3.68331,5.32857,1.01931
3.67403,5.32807,1.01092
3.66467,5.32752,1.00248
3.65523,5.32691,0.994
3.64572,5.32625,0.985476
3.63613,5.32552,0.976909
3.62646,5.32475,0.968301
3.61671,5.32391,0.959649
3.60689,5.32303,0.950955
3.597,5.32208,0.94222
3.58702,5.32108,0.933442
3.57698,5.32003,0.924623
3.56685,5.31892,0.915762
3.55665,5.31776,0.906859
3.54638,5.31654,0.897916
3.53603,5.31527,0.888931
3.52561,5.31394,0.879904
3.51511,5.31256,0.870837
3.50454,5.31112,0.86173
3.49389,5.30963,0.852581
3.48317,5.30808,0.843392
3.47238,5.30648,0.834163
3.46151,5.30483,0.824894
3.45056,5.30312,0.815584
3.43955,5.30136,0.806235
3.42846,5.29955,0.796846
3.4173,5.29768,0.787418
3.40607,5.29576,0.77795
3.39476,5.29378,0.768443
3.38338,5.29175,0.758897
3.37194,5.28967,0.749312
3.36041,5.28754,0.739689
3.34882,5.28535,0.730026
3.33716,5.28311,0.720326
3.32542,5.28082,0.710587
3.31362,5.27848,0.70081
3.30174,5.27608,0.690996
3.28979,5.27363,0.681144
3.27778,5.27113,0.671253
3.26569,5.26858,0.661326
3.25353,5.26597,0.651361
3.24131,5.26332,0.64136
3.22901,5.26061,0.631321
3.21665,5.25785,0.621246
3.20422,5.25504,0.611135
3.19172,5.25218,0.600987
3.17915,5.24927,0.590803
3.16651,5.24631,0.580583
3.1538,5.24329,0.570327
3.14103,5.24023,0.560035
3.12819,5.23712,0.549708
3.11529,5.23395,0.539346
3.10231,5.23074,0.528949
3.08927,5.22748,0.518517
3.07617,5.22416,0.50805
3.063,5.2208,0.497549
3.04976,5.21739,0.487013
3.03646,5.21392,0.476443
3.02309,5.21041,0.46584
3.00965,5.20685,0.455202
2.99616,5.20324,0.444531
2.98259,5.19959,0.433826
2.96897,5.19588,0.423089
2.95528,5.19213,0.412318
2.94153,5.18832,0.401515
2.92771,5.18447,0.390678
2.91383,5.18058,0.37981
2.89989,5.17663,0.36891
2.88588,5.17264,0.357976
2.87182,5.1686,0.347011
2.85769,5.16451,0.336015
2.8435,5.16037,0.324988
2.82925,5.15619,0.313929
2.81494,5.15196,0.302839
2.80057,5.14769,0.291718
2.78613,5.14336,0.280566
2.77164,5.139,0.269384
2.75709,5.13458,0.258172
2.74247,5.13012,0.24693
2.7278,5.12562,0.235658
2.71307,5.12107,0.224356
2.69828,5.11647,0.213026
2.68343,5.11183,0.201665
2.66853,5.10714,0.190276
2.65357,5.10241,0.178858
2.63854,5.09763,0.167412
2.62347,5.09281,0.155936
2.60833,5.08795,0.144433
2.59314,5.08304,0.132902
2.57789,5.07808,0.121343
2.56259,5.07309,0.109757
2.54723,5.06805,0.0981438
2.53182,5.06296,0.0865026
2.51635,5.05784,0.0748343
2.50082,5.05267,0.0631409
2.48525,5.04745,0.05142
2.46962,5.0422,0.0396724
2.45393,5.0369,0.0278997
2.43819,5.03156,0.0161014
2.4224,5.02617,0.0042758
2.40656,5.02075,-0.0075736
2.39066,5.01528,-0.0194485
2.37471,5.00978,-0.0313482
2.35871,5.00423,-0.0432732
2.34266,4.99864,-0.0552223
2.32656,4.993,-0.0671959
2.3104,4.98733,-0.0791931
2.2942,4.98162,-0.0912147
2.27794,4.97586,-0.10326
2.26164,4.97007,-0.115328
2.24529,4.96424,-0.127419
2.22888,4.95836,-0.139534
2.21243,4.95245,-0.151671
2.19594,4.9465,-0.16383
2.17939,4.9405,-0.176013
2.16279,4.93447,-0.188216
2.14615,4.9284,-0.200442
2.12946,4.92229,-0.212689
2.11273,4.91615,-0.224957
2.09594,4.90996,-0.237248
2.07912,4.90374,-0.249558
2.06224,4.89747,-0.261889
2.04532,4.89117,-0.274241
2.02836,4.88483,-0.286614
2.01135,4.87846,-0.299006
1.9943,4.87205,-0.311417
1.9772,4.8656,-0.323848
1.96006,4.85911,-0.336299
1.94288,4.85259,-0.348768
1.92565,4.84604,-0.361256
1.90839,4.83944,-0.373764
1.89108,4.83281,-0.386288
1.87372,4.82614,-0.398833
1.85633,4.81944,-0.411393
1.8389,4.8127,-0.423972
1.82142,4.80593,-0.436568
1.80391,4.79912,-0.449182
1.78635,4.79228,-0.461812
1.76876,4.78541,-0.474459
1.75112,4.7785,-0.487123
1.73345,4.77155,-0.499803
1.71574,4.76457,-0.512498
1.69799,4.75756,-0.52521
1.6802,4.75051,-0.537937
1.66238,4.74343,-0.550678
1.64452,4.73632,-0.563436
1.62662,4.72917,-0.576209
1.60869,4.722,-0.588994
1.59072,4.71478,-0.601796
1.57271,4.70754,-0.61461
1.55467,4.70027,-0.627439
1.5366,4.69296,-0.640281
1.51849,4.68562,-0.653138
1.50035,4.67825,-0.666008
1.48217,4.67085,-0.678888
1.46396,4.66342,-0.691782
1.44572,4.65595,-0.704689
1.42744,4.64846,-0.717609
1.40913,4.64093,-0.73054
1.3908,4.63338,-0.743482
1.37243,4.6258,-0.756434
1.35402,4.61818,-0.769401
1.33559,4.61054,-0.782376
1.31713,4.60287,-0.795363
1.29864,4.59516,-0.80836
1.28012,4.58743,-0.821368
1.26157,4.57967,-0.834384
1.24299,4.57188,-0.847411
1.22438,4.56406,-0.860447
1.20575,4.55622,-0.873493
1.18709,4.54835,-0.886547
1.1684,4.54044,-0.899611
1.14968,4.53252,-0.912682
1.13094,4.52456,-0.925762
1.11217,4.51658,-0.93885
1.09338,4.50857,-0.951946
1.07456,4.50053,-0.96505
1.05572,4.49247,-0.97816
1.03685,4.48438,-0.991276
1.01796,4.47626,-1.0044
0.999044,4.46812,-1.01753
0.980106,4.45996,-1.03067
0.961144,4.45176,-1.04381
0.942161,4.44355,-1.05696
0.923156,4.43531,-1.07011
0.90413,4.42704,-1.08327
0.885083,4.41875,-1.09644
0.866013,4.41043,-1.10961
0.846925,4.40209,-1.12278
0.827816,4.39373,-1.13596
0.808687,4.38534,-1.14914
0.789539,4.37692,-1.16233
0.770373,4.36849,-1.17552
0.751187,4.36003,-1.18871
0.731984,4.35155,-1.2019
0.712766,4.34305,-1.2151
0.693527,4.33452,-1.2283
0.674273,4.32597,-1.24151
0.655,4.3174,-1.25471
0.635713,4.30881,-1.26792
0.616412,4.3002,-1.28113
0.597095,4.29156,-1.29434
0.577764,4.28291,-1.30755
0.558416,4.27423,-1.32076
0.539054,4.26553,-1.33397
0.51968,4.25681,-1.34719
0.500295,4.24807,-1.3604
0.480895,4.23931,-1.37361
0.461482,4.23053,-1.38682
0.442056,4.22173,-1.40003
0.422621,4.21291,-1.41324
0.403173,4.20407,-1.42645
0.383718,4.19521,-1.43966
0.364249,4.18634,-1.45287
0.344771,4.17744,-1.46607
0.325282,4.16853,-1.47927
0.305785,4.15959,-1.49247
0.286278,4.15064,-1.50567
0.266768,4.14167,-1.51887
0.247241,4.13269,-1.53206
0.227714,4.12368,-1.54524
0.208178,4.11466,-1.55843
0.188633,4.10562,-1.57161
0.169087,4.09656,-1.58478
0.14953,4.08749,-1.59796
0.12997,4.0784,-1.61112
0.110404,4.0693,-1.62428
0.0908351,4.06017,-1.63744
0.0712576,4.05104,-1.65059
0.0516815,4.04188,-1.66374
0.0321007,4.03272,-1.67688
0.0125155,4.02353,-1.69001
-0.00707388,4.01433,-1.70314
-0.0266623,4.00512,-1.71626
-0.0462561,3.99589,-1.72938
-0.0658474,3.98664,-1.74248
-0.0854416,3.97738,-1.75558
-0.105038,3.96811,-1.76868
-0.124632,3.95882,-1.78176
-0.144225,3.94952,-1.79484
-0.16382,3.94021,-1.80791
-0.183415,3.93088,-1.82097
-0.203007,3.92154,-1.83402
-0.222596,3.91219,-1.84706
-0.242183,3.90282,-1.86009
-0.261769,3.89344,-1.87312
-0.28135,3.88405,-1.88613
-0.300927,3.87465,-1.89913
-0.320503,3.86523,-1.91213
-0.340076,3.8558,-1.92511
-0.359641,3.84636,-1.93808
-0.379201,3.83691,-1.95104
-0.398757,3.82745,-1.96399
-0.418304,3.81798,-1.97693
-0.43785,3.80849,-1.98986
-0.457386,3.799,-2.00277
-0.476916,3.78949,-2.01567
-0.49644,3.77998,-2.02857
-0.515953,3.77045,-2.04144
-0.535456,3.76092,-2.05431
-0.554954,3.75137,-2.06716
-0.574441,3.74181,-2.08
-0.593919,3.73225,-2.09282
-0.61339,3.72267,-2.10563
-0.632847,3.71309,-2.11843
-0.652296,3.7035,-2.13121
-0.671731,3.6939,-2.14398
-0.691155,3.68429,-2.15673
-0.71057,3.67467,-2.16947
-0.729969,3.66505,-2.1822
-0.74936,3.65541,-2.19491
-0.768736,3.64577,-2.2076
-0.788097,3.63612,-2.22027
-0.807445,3.62647,-2.23293
-0.826778,3.6168,-2.24558
-0.846097,3.60713,-2.25821
-0.8654,3.59745,-2.27082
-0.884689,3.58777,-2.28341
-0.903963,3.57807,-2.29599
-0.923217,3.56838,-2.30854
-0.942456,3.55868,-2.32109
-0.961681,3.54896,-2.33361
-0.980887,3.53925,-2.34611
-1.00007,3.52953,-2.3586
-1.01924,3.5198,-2.37107
-1.03839,3.51007,-2.38352
-1.05752,3.50033,-2.39595
-1.07664,3.49059,-2.40836
-1.09573,3.48084,-2.42074
-1.1148,3.47109,-2.43312
-1.13385,3.46133,-2.44547
-1.15288,3.45157,-2.4578
-1.17189,3.44181,-2.47011
-1.19088,3.43204,-2.4824
-1.20984,3.42226,-2.49467
-1.22878,3.41249,-2.50692
-1.24771,3.40271,-2.51914
-1.2666,3.39292,-2.53135
-1.28548,3.38313,-2.54353
-1.30433,3.37334,-2.55569
-1.32315,3.36355,-2.56783
-1.34195,3.35375,-2.57994
-1.36072,3.34396,-2.59204
-1.37947,3.33416,-2.60411
-1.3982,3.32435,-2.61616
-1.41689,3.31455,-2.62818
-1.43556,3.30474,-2.64018
-1.4542,3.29493,-2.65216
-1.47282,3.28512,-2.66411
-1.49141,3.27531,-2.67604
-1.50997,3.26549,-2.68794
-1.5285,3.25568,-2.69983
-1.547,3.24586,-2.71168
-1.56547,3.23605,-2.72351
-1.58391,3.22623,-2.73531
-1.60233,3.21641,-2.74709
-1.62071,3.20659,-2.75885
-1.63906,3.19677,-2.77058
-1.65738,3.18695,-2.78228
-1.67567,3.17713,-2.79395
-1.69392,3.16731,-2.8056
-1.71215,3.15749,-2.81722
-1.73033,3.14768,-2.82882
-1.7485,3.13786,-2.84039
-1.76662,3.12804,-2.85193
-1.78471,3.11823,-2.86344
-1.80277,3.10841,-2.87493
-1.82079,3.09859,-2.88639
-1.83878,3.08878,-2.89782
-1.85673,3.07897,-2.90922
-1.87464,3.06916,-2.92059
-1.89252,3.05935,-2.93194
-1.91037,3.04954,-2.94325
-1.92818,3.03974,-2.95454
-1.94594,3.02994,-2.96579
-1.96368,3.02013,-2.97702
-1.98137,3.01034,-2.98822
-1.99903,3.00054,-2.99938
-2.01665,2.99074,-3.01053
-2.03423,2.98095,-3.02163
-2.05177,2.97116,-3.03271
-2.06927,2.96138,-3.04376
-2.08673,2.9516,-3.05477
-2.10415,2.94182,-3.06576
-2.12153,2.93204,-3.07671
-2.13887,2.92227,-3.08763
-2.15617,2.9125,-3.09852
-2.17342,2.90273,-3.10938
-2.19064,2.89297,-3.12021
-2.20781,2.88321,-3.131
-2.22494,2.87346,-3.14176
-2.24202,2.86371,-3.15249
-2.25906,2.85396,-3.16319
-2.27606,2.84422,-3.17385
-2.29302,2.83448,-3.18448
-2.30993,2.82475,-3.19508
-2.32679,2.81502,-3.20564
-2.34361,2.8053,-3.21617
-2.36039,2.79558,-3.22667
-2.37712,2.78587,-3.23713
-2.3938,2.77616,-3.24756
-2.41044,2.76646,-3.25795
-2.42703,2.75676,-3.26831
-2.44357,2.74707,-3.27863
-2.46006,2.73738,-3.28892
-2.47651,2.7277,-3.29917
-2.49291,2.71803,-3.30939
-2.50926,2.70836,-3.31958
-2.52556,2.6987,-3.32972
-2.54182,2.68904,-3.33984
-2.55802,2.67939,-3.34991
-2.57417,2.66974,-3.35995
-2.59028,2.6601,-3.36996
-2.60633,2.65047,-3.37992
-2.62234,2.64085,-3.38985
-2.63829,2.63123,-3.39975
-2.65419,2.62161,-3.4096
-2.67004,2.61201,-3.41942
-2.68584,2.60241,-3.42921
-2.70158,2.59282,-3.43895
-2.71727,2.58323,-3.44866
-2.73291,2.57366,-3.45833
-2.7485,2.56409,-3.46796
-2.76403,2.55452,-3.47755
-2.77951,2.54497,-3.48711
-2.79494,2.53542,-3.49662
-2.81031,2.52588,-3.5061
-2.82562,2.51635,-3.51554
-2.84088,2.50682,-3.52494
-2.85609,2.4973,-3.5343
-2.87124,2.48779,-3.54363
-2.88633,2.47829,-3.55291
-2.90137,2.4688,-3.56215
-2.91635,2.45931,-3.57136
-2.93128,2.44984,-3.58052
-2.94615,2.44037,-3.58964
-2.96096,2.43091,-3.59873
-2.97571,2.42145,-3.60777
-2.9904,2.41201,-3.61677
-3.00504,2.40258,-3.62574
-3.01962,2.39315,-3.63466
-3.03414,2.38373,-3.64354
-3.0486,2.37432,-3.65238
-3.063,2.36492,-3.66118
-3.07734,2.35553,-3.66994
-3.09162,2.34615,-3.67865
-3.10584,2.33678,-3.68733
-3.12,2.32741,-3.69596
-3.1341,2.31806,-3.70455
-3.14813,2.30871,-3.7131
-3.16211,2.29938,-3.72161
-3.17603,2.29005,-3.73007
-3.18988,2.28073,-3.7385
-3.20367,2.27142,-3.74688
-3.2174,2.26213,-3.75521
-3.23106,2.25284,-3.76351
-3.24467,2.24356,-3.77176
-3.25821,2.23429,-3.77997
-3.27168,2.22503,-3.78813
-3.28509,2.21578,-3.79626
-3.29844,2.20654,-3.80434
-3.31173,2.19731,-3.81237
-3.32495,2.18809,-3.82036
-3.3381,2.17888,-3.82831
-3.35119,2.16968,-3.83621
-3.36421,2.16049,-3.84407
-3.37717,2.15131,-3.85189
-3.39006,2.14214,-3.85966
-3.40289,2.13298,-3.86739
-3.41565,2.12383,-3.87507
-3.42834,2.11469,-3.88271
-3.44097,2.10556,-3.8903
-3.45353,2.09644,-3.89785
-3.46602,2.08733,-3.90535
-3.47845,2.07824,-3.91281
-3.4908,2.06915,-3.92022
-3.50309,2.06007,-3.92759
-3.51531,2.05101,-3.93491
-3.52746,2.04195,-3.94219
-3.53955,2.03291,-3.94942
-3.55156,2.02387,-3.9566
-3.5635,2.01485,-3.96374
-3.57538,2.00584,-3.97083
-3.58719,1.99684,-3.97788
-3.59892,1.98785,-3.98488
-3.61059,1.97887,-3.99183
-3.62218,1.9699,-3.99874
-3.63371,1.96094,-4.0056
-3.64516,1.95199,-4.01242
-3.65654,1.94306,-4.01918
-3.66785,1.93413,-4.0259
-3.67909,1.92522,-4.03258
-3.69026,1.91631,-4.03921
-3.70136,1.90742,-4.04579
-3.71238,1.89854,-4.05232
-3.72333,1.88967,-4.0588
-3.73421,1.88081,-4.06524
-3.74502,1.87196,-4.07163
-3.75575,1.86313,-4.07797
-3.76641,1.8543,-4.08427
-3.77699,1.84549,-4.09052
-3.78751,1.83668,-4.09671
-3.79795,1.82789,-4.10287
-3.80831,1.81911,-4.10897
-3.8186,1.81034,-4.11502
-3.82882,1.80158,-4.12103
-3.83896,1.79284,-4.12699
-3.84903,1.7841,-4.1329
-3.85902,1.77538,-4.13876
-3.86893,1.76666,-4.14457
-3.87877,1.75796,-4.15034
-3.88854,1.74927,-4.15605
-3.89823,1.74059,-4.16172
-3.90784,1.73193,-4.16734
-3.91738,1.72327,-4.17291
-3.92684,1.71462,-4.17843
-3.93623,1.70599,-4.1839
-3.94553,1.69737,-4.18932
-3.95476,1.68876,-4.19469
-3.96392,1.68016,-4.20002
-3.973,1.67157,-4.20529
-3.98199,1.66299,-4.21051
-3.99092,1.65442,-4.21569
-3.99976,1.64587,-4.22081
-4.00853,1.63733,-4.22589
-4.01721,1.6288,-4.23091
-4.02582,1.62027,-4.23589
-4.03436,1.61177,-4.24082
-4.04281,1.60327,-4.24569
-4.05118,1.59478,-4.25052
-4.05948,1.58631,-4.25529
-4.06769,1.57784,-4.26002
-4.07583,1.56939,-4.26469
-4.08389,1.56095,-4.26932
-4.09186,1.55252,-4.27389
-4.09976,1.5441,-4.27842
-4.10758,1.53569,-4.28289
-4.11532,1.52729,-4.28731
-4.12298,1.51891,-4.29169
-4.13055,1.51053,-4.29601
-4.13805,1.50217,-4.30028
-4.14547,1.49382,-4.3045
-4.1528,1.48548,-4.30867
-4.16006,1.47715,-4.31279
-4.16723,1.46883,-4.31686
-4.17432,1.46052,-4.32088
-4.18134,1.45223,-4.32485
-4.18827,1.44394,-4.32876
-4.19511,1.43567,-4.33263
-4.20188,1.4274,-4.33644
-4.20857,1.41915,-4.3402
-4.21517,1.41091,-4.34391
-4.22169,1.40268,-4.34757
-4.22813,1.39446,-4.35118
-4.23449,1.38625,-4.35474
-4.24076,1.37805,-4.35825
-4.24695,1.36987,-4.3617
-4.25306,1.36169,-4.36511
-4.25909,1.35353,-4.36846
-4.26503,1.34537,-4.37176
-4.27089,1.33723,-4.37501
-4.27666,1.32909,-4.37821
-4.28236,1.32097,-4.38135
-4.28797,1.31286,-4.38445
-4.2935,1.30476,-4.38749
-4.29894,1.29667,-4.39048
-4.3043,1.28859,-4.39342
-4.30957,1.28052,-4.39631
-4.31477,1.27246,-4.39914
-4.31987,1.26441,-4.40193
-4.3249,1.25637,-4.40466
-4.32984,1.24835,-4.40734
-4.33469,1.24033,-4.40997
-4.33946,1.23232,-4.41255
-4.34415,1.22432,-4.41507
-4.34875,1.21634,-4.41754
-4.35327,1.20836,-4.41997
-4.3577,1.20039,-4.42234
-4.36205,1.19244,-4.42465
-4.36631,1.18449,-4.42692
-4.37049,1.17656,-4.42913
-4.37458,1.16863,-4.43129
-4.37859,1.16071,-4.4334
-4.38251,1.15281,-4.43546
-4.38635,1.14491,-4.43747
-4.3901,1.13703,-4.43942
-4.39376,1.12915,-4.44132
-4.39735,1.12128,-4.44317
-4.40084,1.11343,-4.44497
-4.40425,1.10558,-4.44671
-4.40757,1.09774,-4.44841
-4.41081,1.08991,-4.45005
-4.41396,1.08209,-4.45164
-4.41703,1.07428,-4.45317
-4.42001,1.06648,-4.45466
-4.4229,1.05869,-4.45609
-4.42571,1.05091,-4.45747
-4.42843,1.04314,-4.4588
-4.43107,1.03538,-4.46008
-4.43362,1.02762,-4.4613
-4.43608,1.01988,-4.46247
-4.43846,1.01214,-4.46359
-4.44075,1.00442,-4.46466
-4.44295,0.996698,-4.46568
-4.44507,0.98899,-4.46664
-4.4471,0.98129,-4.46755
-4.44905,0.973599,-4.46841
-4.4509,0.965917,-4.46922
-4.45267,0.958243,-4.46998
-4.45436,0.950579,-4.47068
-4.45596,0.942923,-4.47133
-4.45747,0.935275,-4.47193
-4.45889,0.927636,-4.47248
-4.46023,0.920005,-4.47298
-4.46148,0.912383,-4.47342
-4.46264,0.904768,-4.47381
-4.46372,0.897163,-4.47416
-4.46471,0.889565,-4.47444
-4.46561,0.881976,-4.47468
-4.46643,0.874394,-4.47487
-4.46716,0.866821,-4.475
-4.4678,0.859256,-4.47508
-4.46836,0.851698,-4.47511
-4.46882,0.844148,-4.47509
-4.4692,0.836607,-4.47501
-4.4695,0.829073,-4.47489
-4.4697,0.821546,-4.47471
-4.46982,0.814028,-4.47448
-4.46986,0.806516,-4.4742
-4.4698,0.799012,-4.47387
-4.46966,0.791516,-4.47348
-4.46943,0.784027,-4.47305
-4.46912,0.776545,-4.47256
-4.46872,0.769071,-4.47202
-4.46823,0.761604,-4.47144
-4.46765,0.754143,-4.47079
-4.46699,0.74669,-4.4701
-4.46623,0.739244,-4.46936
-4.4654,0.731805,-4.46856
-4.46447,0.724372,-4.46772
-4.46346,0.716947,-4.46682
-4.46236,0.709528,-4.46587
-4.46118,0.702116,-4.46487
-4.4599,0.69471,-4.46382
-4.45854,0.687311,-4.46272
-4.4571,0.679919,-4.46157
-4.45556,0.672532,-4.46036
-4.45394,0.665152,-4.45911
-4.45224,0.657779,-4.45781
-4.45044,0.650411,-4.45645
-4.44856,0.64305,-4.45504
-4.44659,0.635695,-4.45358
-4.44454,0.628345,-4.45208
-4.4424,0.621002,-4.45052
-4.44017,0.613664,-4.44891
-4.43786,0.606333,-4.44725
-4.43545,0.599007,-4.44554
-4.43297,0.591686,-4.44378
-4.43039,0.584372,-4.44197
-4.42773,0.577062,-4.44011
-4.42499,0.569758,-4.43819
-4.42215,0.56246,-4.43623
-4.41924,0.555167,-4.43422
-4.41623,0.547879,-4.43216
-4.41314,0.540596,-4.43005
-4.40996,0.533319,-4.42789
-4.4067,0.526046,-4.42567
-4.40335,0.518779,-4.42341
-4.39991,0.511516,-4.4211
-4.39639,0.504258,-4.41874
-4.39278,0.497005,-4.41633
-4.38909,0.489756,-4.41387
-4.38531,0.482513,-4.41136
-4.38144,0.475273,-4.4088
-4.37749,0.468038,-4.40619
-4.37345,0.460808,-4.40354
-4.36933,0.453582,-4.40083
-4.36513,0.44636,-4.39807
-4.36083,0.439142,-4.39527
-4.35645,0.431929,-4.39242
-4.35199,0.424719,-4.38951
-4.34744,0.417513,-4.38656
-4.34281,0.410312,-4.38356
-4.33809,0.403114,-4.38051
-4.33329,0.39592,-4.37741
-4.3284,0.388729,-4.37427
-4.32343,0.381543,-4.37107
-4.31837,0.374359,-4.36783
-4.31323,0.367179,-4.36454
-4.30801,0.360003,-4.3612
-4.30269,0.35283,-4.35781
-4.2973,0.34566,-4.35437
-4.29182,0.338494,-4.35089
-4.28626,0.33133,-4.34736
-4.28061,0.32417,-4.34378
-4.27488,0.317012,-4.34015
-4.26907,0.309858,-4.33647
-4.26317,0.302706,-4.33275
-4.25719,0.295557,-4.32898
-4.25112,0.28841,-4.32516
-4.24497,0.281267,-4.3213
-4.23874,0.274126,-4.31738
-4.23243,0.266987,-4.31342
-4.22603,0.259851,-4.30942
-4.21955,0.252717,-4.30536
-4.21298,0.245585,-4.30126
-4.20634,0.238456,-4.29711
-4.19961,0.231328,-4.29292
-4.1928,0.224203,-4.28868
-4.1859,0.21708,-4.28439
-4.17893,0.209958,-4.28006
-4.17187,0.202839,-4.27568
-4.16473,0.195721,-4.27125
-4.15751,0.188605,-4.26678
-4.15021,0.18149,-4.26226
-4.14282,0.174377,-4.2577
-4.13535,0.167266,-4.25309
-4.12781,0.160156,-4.24843
-4.12018,0.153047,-4.24373
-4.11247,0.14594,-4.23898
-4.10468,0.138834,-4.23419
-4.0968,0.131729,-4.22935
-4.08885,0.124625,-4.22447
-4.08082,0.117522,-4.21954
-4.0727,0.11042,-4.21457
-4.06451,0.103319,-4.20955
-4.05624,0.0962181,-4.20449
-4.04788,0.0891185,-4.19938
-4.03945,0.0820196,-4.19423
-4.03094,0.0749211,-4.18903
-4.02234,0.0678234,-4.18379
-4.01367,0.0607257,-4.1785
-4.00492,0.0536289,-4.17317
-3.99609,0.0465324,-4.1678
-3.98718,0.0394359,-4.16238
-3.97819,0.0323396,-4.15692
-3.96913,0.0252433,-4.15141
-3.95998,0.0181475,-4.14586
-3.95076,0.0110517,-4.14027
-3.94146,0.00395536,-4.13464
-3.93208,-0.00314093,-4.12896
-3.92262,-0.0102375,-4.12323
-3.91308,-0.017334,-4.11747
-3.90347,-0.0244308,-4.11166
-3.89378,-0.0315285,-4.10581
-3.88402,-0.0386262,-4.09992
-3.87417,-0.0457249,-4.09398
-3.86425,-0.0528235,-4.088
-3.85425,-0.0599234,-4.08198
-3.84418,-0.0670238,-4.07592
-3.83403,-0.0741248,-4.06981
-3.82381,-0.0812268,-4.06366
-3.8135,-0.0883298,-4.05748
-3.80313,-0.0954337,-4.05124
-3.79267,-0.102538,-4.04497
-3.78215,-0.109644,-4.03866
-3.77154,-0.116751,-4.0323
-3.76086,-0.12386,-4.02591
-3.75011,-0.130969,-4.01947
-3.73928,-0.13808,-4.01299
-3.72838,-0.145192,-4.00647
-3.7174,-0.152306,-3.99991
-3.70635,-0.159421,-3.99331
-3.69523,-0.166538,-3.98667
-3.68403,-0.173656,-3.97998
-3.67276,-0.180776,-3.97326
-3.66141,-0.187898,-3.9665
-3.65,-0.195022,-3.9597
-3.63851,-0.202147,-3.95286
-3.62694,-0.209275,-3.94598
-3.61531,-0.216404,-3.93905
-3.6036,-0.223535,-3.93209
-3.59182,-0.230669,-3.92509
-3.57997,-0.237804,-3.91806
-3.56804,-0.244942,-3.91098
-3.55605,-0.252082,-3.90386
-3.54398,-0.259224,-3.8967
-3.53185,-0.266368,-3.88951
-3.51964,-0.273516,-3.88228
-3.50736,-0.280665,-3.87501
-3.49501,-0.287817,-3.8677
-3.48259,-0.294971,-3.86035
-3.4701,-0.302128,-3.85296
-3.45754,-0.309288,-3.84554
-3.44492,-0.31645,-3.83808
-3.43222,-0.323616,-3.83058
-3.41945,-0.330783,-3.82305
-3.40662,-0.337954,-3.81547
-3.39371,-0.345128,-3.80786
-3.38074,-0.352305,-3.80022
-3.3677,-0.359484,-3.79253
-3.35459,-0.366667,-3.78481
-3.34142,-0.373853,-3.77706
-3.32817,-0.381042,-3.76926
-3.31486,-0.388234,-3.76143
-3.30148,-0.395429,-3.75357
-3.28804,-0.402628,-3.74567
-3.27453,-0.40983,-3.73773
-3.26095,-0.417035,-3.72976
-3.24731,-0.424244,-3.72175
-3.2336,-0.431455,-3.7137
-3.21982,-0.438671,-3.70562
-3.20598,-0.44589,-3.69751
-3.19208,-0.453113,-3.68936
-3.17811,-0.46034,-3.68118
-3.16407,-0.46757,-3.67296
-3.14997,-0.474803,-3.66471
-3.13581,-0.48204,-3.65642
-3.12158,-0.489282,-3.6481
-3.10729,-0.496527,-3.63974
-3.09294,-0.503776,-3.63135
-3.07852,-0.511028,-3.62293
-3.06404,-0.518285,-3.61447
-3.04949,-0.525545,-3.60598
-3.03489,-0.53281,-3.59746
-3.02022,-0.540079,-3.5889
-3.00549,-0.547352,-3.58032
-2.9907,-0.554628,-3.57169
-2.97585,-0.561909,-3.56304
-2.96094,-0.569194,-3.55435
-2.94596,-0.576483,-3.54563
-2.93093,-0.583777,-3.53688
-2.91583,-0.591075,-3.5281
-2.90068,-0.598377,-3.51928
-2.88546,-0.605683,-3.51044
-2.87019,-0.612994,-3.50156
-2.85485,-0.620309,-3.49265
-2.83946,-0.627628,-3.48371
-2.82401,-0.634953,-3.47473
-2.8085,-0.642281,-3.46573
-2.79293,-0.649614,-3.4567
-2.7773,-0.656951,-3.44763
-2.76162,-0.664293,-3.43854
-2.74588,-0.67164,-3.42941
-2.73008,-0.678991,-3.42026
-2.71422,-0.686347,-3.41107
-2.69831,-0.693707,-3.40186
-2.68235,-0.701072,-3.39261
-2.66632,-0.708442,-3.38334
-2.65024,-0.715816,-3.37403
-2.63411,-0.723195,-3.3647
-2.61792,-0.730579,-3.35534
-2.60167,-0.737967,-3.34595
-2.58537,-0.745361,-3.33653
-2.56902,-0.752759,-3.32708
-2.55261,-0.760162,-3.31761
-2.53615,-0.76757,-3.3081
-2.51963,-0.774982,-3.29857
-2.50307,-0.7824,-3.28901
-2.48644,-0.789823,-3.27943
-2.46977,-0.79725,-3.26981
-2.45304,-0.804682,-3.26017
-2.43627,-0.812119,-3.2505
-2.41944,-0.819561,-3.2408
-2.40256,-0.827008,-3.23108
-2.38562,-0.83446,-3.22133
-2.36864,-0.841918,-3.21156
-2.35161,-0.849379,-3.20175
-2.33452,-0.856846,-3.19193
-2.31739,-0.864318,-3.18207
-2.3002,-0.871795,-3.17219
-2.28297,-0.879277,-3.16229
-2.26569,-0.886764,-3.15235
-2.24836,-0.894256,-3.1424
-2.23098,-0.901753,-3.13242
-2.21355,-0.909255,-3.12241
-2.19608,-0.916762,-3.11238
-2.17855,-0.924274,-3.10232
-2.16098,-0.931791,-3.09224
-2.14337,-0.939313,-3.08214
-2.1257,-0.946841,-3.07201
-2.108,-0.954372,-3.06186
-2.09024,-0.96191,-3.05168
-2.07244,-0.969452,-3.04148
-2.05459,-0.976999,-3.03126
-2.0367,-0.984551,-3.02101
-2.01876,-0.992109,-3.01074
-2.00078,-0.999672,-3.00045
-1.98276,-1.00724,-2.99013
-1.96469,-1.01481,-2.97979
-1.94657,-1.02239,-2.96943
-1.92842,-1.02997,-2.95905
-1.91022,-1.03756,-2.94865
-1.89198,-1.04515,-2.93822
-1.87369,-1.05275,-2.92777
-1.85537,-1.06035,-2.9173
-1.837,-1.06796,-2.90681
-1.81859,-1.07557,-2.8963
-1.80014,-1.08319,-2.88577
-1.78165,-1.09081,-2.87522
-1.76312,-1.09844,-2.86464
-1.74455,-1.10607,-2.85405
-1.72594,-1.11371,-2.84343
-1.70729,-1.12135,-2.8328
-1.6886,-1.129,-2.82214
-1.66988,-1.13665,-2.81147
-1.65111,-1.1443,-2.80077
-1.63231,-1.15197,-2.79006
-1.61346,-1.15963,-2.77933
-1.59458,-1.1673,-2.76858
-1.57567,-1.17498,-2.75781
-1.55672,-1.18266,-2.74702
-1.53773,-1.19034,-2.73621
-1.5187,-1.19803,-2.72538
-1.49964,-1.20573,-2.71454
-1.48054,-1.21343,-2.70368
-1.46141,-1.22113,-2.6928
-1.44224,-1.22884,-2.6819
-1.42304,-1.23655,-2.67098
-1.40381,-1.24427,-2.66005
-1.38454,-1.25199,-2.6491
-1.36523,-1.25972,-2.63814
-1.3459,-1.26745,-2.62715
-1.32653,-1.27518,-2.61616
-1.30713,-1.28292,-2.60514
-1.2877,-1.29067,-2.59411
-1.26823,-1.29842,-2.58306
-1.24873,-1.30617,-2.572
-1.22921,-1.31393,-2.56092
-1.20965,-1.32169,-2.54982
-1.19006,-1.32945,-2.53871
-1.17044,-1.33722,-2.52759
-1.15079,-1.345,-2.51645
-1.13111,-1.35277,-2.5053
-1.11141,-1.36056,-2.49413
-1.09167,-1.36834,-2.48294
-1.07191,-1.37613,-2.47175
-1.05211,-1.38393,-2.46053
-1.03229,-1.39172,-2.44931
-1.01245,-1.39953,-2.43807
-0.992573,-1.40733,-2.42682
-0.972672,-1.41514,-2.41555
-0.952744,-1.42295,-2.40427
-0.932791,-1.43077,-2.39298
-0.912812,-1.43859,-2.38168
-0.892807,-1.44642,-2.37036
-0.872778,-1.45424,-2.35903
-0.852724,-1.46208,-2.34769
-0.832646,-1.46991,-2.33634
-0.812544,-1.47775,-2.32497
-0.792418,-1.48559,-2.31359
-0.772269,-1.49344,-2.30221
-0.752097,-1.50128,-2.29081
-0.731903,-1.50914,-2.2794
-0.711686,-1.51699,-2.26797
-0.691448,-1.52485,-2.25654
-0.671188,-1.53271,-2.2451
-0.650907,-1.54057,-2.23365
-0.630605,-1.54844,-2.22218
-0.610283,-1.55631,-2.21071
-0.589941,-1.56418,-2.19923
-0.569579,-1.57206,-2.18773
-0.549198,-1.57994,-2.17623
-0.528798,-1.58782,-2.16472
-0.508379,-1.5957,-2.1532
-0.487941,-1.60359,-2.14167
-0.467486,-1.61148,-2.13013
-0.447013,-1.61937,-2.11858
-0.426523,-1.62726,-2.10703
-0.406016,-1.63516,-2.09546
-0.385492,-1.64306,-2.08389
-0.364953,-1.65096,-2.07231
-0.344397,-1.65886,-2.06073
-0.323826,-1.66677,-2.04913
-0.30324,-1.67467,-2.03753
-0.282639,-1.68258,-2.02592
-0.262023,-1.69049,-2.0143
-0.241394,-1.69841,-2.00268
-0.22075,-1.70632,-1.99105
-0.200094,-1.71424,-1.97942
-0.179424,-1.72216,-1.96778
-0.158742,-1.73008,-1.95613
-0.138048,-1.738,-1.94447
-0.117341,-1.74592,-1.93281
-0.0966233,-1.75384,-1.92115
-0.0758942,-1.76177,-1.90948
-0.0551542,-1.76969,-1.8978
-0.0344037,-1.77762,-1.88612
-0.0136431,-1.78555,-1.87444
0.00712729,-1.79348,-1.86275
0.0279071,-1.80141,-1.85106
0.048696,-1.80934,-1.83936
0.0694938,-1.81727,-1.82766
0.0902996,-1.82521,-1.81595
0.111114,-1.83314,-1.80424
0.131935,-1.84107,-1.79253
0.152764,-1.84901,-1.78081
0.1736,-1.85694,-1.76909
0.194442,-1.86488,-1.75737
0.215291,-1.87282,-1.74564
0.236145,-1.88075,-1.73392
0.257005,-1.88869,-1.72219
0.27787,-1.89662,-1.71045
0.298739,-1.90456,-1.69872
0.319613,-1.91249,-1.68698
0.340492,-1.92043,-1.67524
0.361374,-1.92836,-1.6635
0.382259,-1.9363,-1.65176
0.403147,-1.94423,-1.64002
0.424037,-1.95217,-1.62828
0.444931,-1.9601,-1.61653
0.465825,-1.96803,-1.60479
0.486722,-1.97596,-1.59304
0.507619,-1.98389,-1.5813
0.528518,-1.99182,-1.56955
0.549417,-1.99975,-1.55781
0.570315,-2.00768,-1.54606
0.591214,-2.0156,-1.53432
0.612112,-2.02353,-1.52257
0.633009,-2.03145,-1.51083
0.653904,-2.03937,-1.49909
0.674798,-2.04729,-1.48734
0.695691,-2.05521,-1.4756
0.71658,-2.06312,-1.46387
0.737467,-2.07103,-1.45213
0.75835,-2.07895,-1.44039
0.77923,-2.08686,-1.42866
0.800106,-2.09476,-1.41693
0.820978,-2.10267,-1.4052
0.841846,-2.11057,-1.39347
0.862708,-2.11847,-1.38175
0.883565,-2.12637,-1.37003
0.904417,-2.13426,-1.35831
0.925262,-2.14216,-1.3466
0.946101,-2.15004,-1.33489
0.966934,-2.15793,-1.32318
0.987759,-2.16581,-1.31148
1.00858,-2.17369,-1.29978
1.02939,-2.18157,-1.28808
1.05019,-2.18944,-1.27639
1.07098,-2.19731,-1.2647
1.09177,-2.20518,-1.25302
1.11254,-2.21304,-1.24134
1.13331,-2.2209,-1.22967
1.15406,-2.22875,-1.218
1.17481,-2.2366,-1.20634
1.19554,-2.24445,-1.19469
1.21627,-2.25229,-1.18304
1.23698,-2.26012,-1.17139
1.25768,-2.26796,-1.15975
1.27837,-2.27579,-1.14812
1.29905,-2.28361,-1.13649
1.31971,-2.29143,-1.12487
1.34036,-2.29924,-1.11326
1.361,-2.30705,-1.10165
1.38162,-2.31485,-1.09005
1.40223,-2.32265,-1.07846
1.42282,-2.33044,-1.06687
1.4434,-2.33823,-1.0553
1.46397,-2.34601,-1.04373
1.48452,-2.35379,-1.03216
1.50505,-2.36156,-1.02061
1.52557,-2.36932,-1.00906
1.54607,-2.37708,-0.997525
1.56655,-2.38484,-0.985996
1.58701,-2.39258,-0.974475
1.60746,-2.40032,-0.962963
1.62789,-2.40805,-0.951461
1.6483,-2.41578,-0.939967
1.6687,-2.4235,-0.928483
1.68907,-2.43121,-0.917008
1.70942,-2.43892,-0.905543
1.72976,-2.44662,-0.894087
1.75007,-2.45431,-0.882642
1.77037,-2.46199,-0.871207
1.79064,-2.46967,-0.859782
1.81089,-2.47734,-0.848367
1.83112,-2.485,-0.836964
1.85133,-2.49266,-0.825571
1.87152,-2.5003,-0.814188
1.89168,-2.50794,-0.802818
1.91182,-2.51557,-0.791458
1.93194,-2.52319,-0.78011
1.95203,-2.53081,-0.768773
1.9721,-2.53841,-0.757448
1.99215,-2.54601,-0.746135
2.01217,-2.5536,-0.734834
2.03217,-2.56117,-0.723546
2.05214,-2.56874,-0.712269
2.07208,-2.5763,-0.701005
2.092,-2.58386,-0.689754
2.11189,-2.5914,-0.678516
2.13176,-2.59893,-0.667291
2.1516,-2.60645,-0.656079
2.17141,-2.61397,-0.64488
2.1912,-2.62147,-0.633695
2.21095,-2.62896,-0.622524
2.23068,-2.63644,-0.611366
2.25038,-2.64392,-0.600222
2.27005,-2.65138,-0.589093
2.28969,-2.65883,-0.577977
2.3093,-2.66627,-0.566876
2.32889,-2.6737,-0.55579
2.34844,-2.68112,-0.544719
2.36796,-2.68853,-0.533662
2.38745,-2.69593,-0.52262
2.40691,-2.70332,-0.511593
2.42633,-2.71069,-0.500582
2.44573,-2.71805,-0.489586
2.46509,-2.72541,-0.478606
2.48442,-2.73275,-0.467642
2.50372,-2.74007,-0.456694
2.52298,-2.74739,-0.445761
2.54221,-2.75469,-0.434845
2.56141,-2.76199,-0.423946
2.58057,-2.76926,-0.413063
2.5997,-2.77653,-0.402196
2.61879,-2.78379,-0.391346
2.63785,-2.79103,-0.380514
2.65687,-2.79825,-0.369698
2.67585,-2.80547,-0.3589
2.6948,-2.81267,-0.348119
2.71372,-2.81986,-0.337356
2.73259,-2.82704,-0.32661
2.75143,-2.8342,-0.315882
2.77023,-2.84135,-0.305173
2.789,-2.84848,-0.294481
2.80772,-2.8556,-0.283808
2.82641,-2.8627,-0.273153
2.84506,-2.8698,-0.262516
2.86367,-2.87687,-0.251899
2.88224,-2.88394,-0.2413
2.90077,-2.89098,-0.23072
2.91926,-2.89802,-0.220159
2.93771,-2.90504,-0.209618
2.95612,-2.91204,-0.199096
2.97449,-2.91903,-0.188593
2.99282,-2.926,-0.178111
3.0111,-2.93296,-0.167648
3.02935,-2.9399,-0.157205
3.04755,-2.94682,-0.146782
3.06571,-2.95373,-0.136379
3.08382,-2.96063,-0.125997
3.1019,-2.96751,-0.115635
3.11993,-2.97437,-0.105294
3.13792,-2.98121,-0.0949733
3.15586,-2.98804,-0.0846739
3.17376,-2.99485,-0.0743957
3.19161,-3.00165,-0.0641384
3.20942,-3.00843,-0.0539024
3.22719,-3.01519,-0.0436878
3.2449,-3.02193,-0.0334949
3.26258,-3.02866,-0.023324
3.2802,-3.03537,-0.0131745
3.29779,-3.04206,-0.00304723
3.31532,-3.04873,0.00705791
3.33281,-3.05539,0.0171409
3.35025,-3.06203,0.0272017
3.36764,-3.06864,0.0372398
3.38498,-3.07525,0.0472553
3.40228,-3.08183,0.0572481
3.41953,-3.08839,0.0672181
3.43673,-3.09494,0.0771649
3.45388,-3.10147,0.0870888
3.47098,-3.10797,0.0969892
3.48803,-3.11446,0.106866
3.50503,-3.12093,0.11672
3.52199,-3.12738,0.12655
3.53889,-3.13381,0.136356
3.55574,-3.14022,0.146139
3.57254,-3.14661,0.155897
3.58929,-3.15299,0.165631
3.60599,-3.15934,0.175342
3.62263,-3.16567,0.185027
3.63923,-3.17198,0.194689
3.65577,-3.17827,0.204325
3.67226,-3.18454,0.213937
3.68869,-3.19079,0.223524
3.70508,-3.19701,0.233086
3.72141,-3.20322,0.242623
3.73768,-3.20941,0.252135
3.7539,-3.21557,0.261621
3.77007,-3.22171,0.271083
3.78619,-3.22784,0.280518
3.80225,-3.23394,0.289928
3.81825,-3.24001,0.299312
3.8342,-3.24607,0.308671
3.85009,-3.2521,0.318003
3.86593,-3.25812,0.327309
3.88171,-3.26411,0.336589
3.89744,-3.27007,0.345842
3.9131,-3.27602,0.355069
3.92872,-3.28194,0.36427
3.94427,-3.28784,0.373444
3.95977,-3.29371,0.382591
3.97521,-3.29957,0.391711
3.99059,-3.3054,0.400804
4.00592,-3.3112,0.409871
4.02118,-3.31698,0.418909
4.03639,-3.32274,0.427921
4.05154,-3.32848,0.436905
4.06663,-3.33419,0.445862
4.08166,-3.33988,0.454791
4.09663,-3.34554,0.463692
4.11154,-3.35118,0.472565
4.12639,-3.35679,0.481411
4.14118,-3.36238,0.490228
4.15591,-3.36795,0.499018
4.17058,-3.37348,0.507779
4.18519,-3.379,0.516511
4.19974,-3.38449,0.525216
4.21422,-3.38995,0.533891
4.22865,-3.39539,0.542538
4.24301,-3.40081,0.551157
4.25731,-3.40619,0.559746
4.27155,-3.41156,0.568306
4.28573,-3.41689,0.576838
4.29984,-3.4222,0.58534
4.31389,-3.42749,0.593813
4.32788,-3.43274,0.602257
4.3418,-3.43798,0.610672
4.35566,-3.44318,0.619056
4.36945,-3.44836,0.627411
4.38318,-3.45351,0.635737
4.39685,-3.45863,0.644032
4.41045,-3.46373,0.652298
4.42399,-3.4688,0.660534
4.43746,-3.47385,0.66874
4.45087,-3.47886,0.676916
4.46421,-3.48385,0.685061
4.47749,-3.48881,0.693176
4.4907,-3.49374,0.701261
4.50385,-3.49865,0.709315
4.51692,-3.50352,0.717338
4.52994,-3.50837,0.725331
4.54288,-3.51319,0.733293
4.55576,-3.51798,0.741224
4.56857,-3.52275,0.749125
4.58132,-3.52748,0.756994
4.59399,-3.53219,0.764832
4.6066,-3.53686,0.772639
4.61914,-3.54151,0.780415
4.63161,-3.54613,0.788159
4.64402,-3.55072,0.795872
4.65636,-3.55528,0.803553
4.66862,-3.55981,0.811203
4.68082,-3.56431,0.818821
4.69295,-3.56878,0.826408
4.70501,-3.57322,0.833962
4.717,-3.57764,0.841485
4.72893,-3.58202,0.848976
4.74078,-3.58637,0.856435
4.75256,-3.59069,0.863861
4.76427,-3.59498,0.871255
4.77591,-3.59924,0.878618
4.78749,-3.60347,0.885948
4.79899,-3.60767,0.893245
4.81042,-3.61183,0.90051
4.82178,-3.61597,0.907743
4.83306,-3.62008,0.914942
4.84428,-3.62415,0.92211
4.85542,-3.62819,0.929244
4.8665,-3.6322,0.936345
4.8775,-3.63618,0.943414
4.88843,-3.64013,0.950449
4.89929,-3.64405,0.957452
4.91007,-3.64793,0.964422
4.92078,-3.65178,0.971358
4.93142,-3.6556,0.978261
4.94199,-3.65939,0.985131
4.95249,-3.66315,0.991968
4.96291,-3.66687,0.998771
4.97326,-3.67056,1.00554
4.98353,-3.67422,1.01228
4.99373,-3.67784,1.01898
5.00386,-3.68144,1.02565
5.01391,-3.685,1.03228
5.02389,-3.68852,1.03888
5.0338,-3.69201,1.04545
5.04363,-3.69547,1.05199
5.05339,-3.6989,1.05849
5.06307,-3.70229,1.06495
5.07268,-3.70565,1.07138
5.08221,-3.70898,1.07778
5.09167,-3.71227,1.08414
5.10105,-3.71553,1.09047
5.11036,-3.71875,1.09677
5.11959,-3.72194,1.10303
5.12875,-3.7251,1.10926
5.13783,-3.72822,1.11545
5.14684,-3.7313,1.12161
5.15577,-3.73435,1.12773
5.16462,-3.73737,1.13382
5.1734,-3.74036,1.13987
5.1821,-3.7433,1.14589
5.19072,-3.74622,1.15188
5.19927,-3.74909,1.15782
5.20775,-3.75194,1.16374
5.21614,-3.75475,1.16962
5.22446,-3.75752,1.17547
5.2327,-3.76026,1.18128
5.24087,-3.76296,1.18705
5.24896,-3.76562,1.19279
5.25697,-3.76825,1.1985
5.2649,-3.77085,1.20417
5.27276,-3.77341,1.2098
5.28054,-3.77593,1.2154
5.28824,-3.77842,1.22097
5.29586,-3.78087,1.2265
5.3034,-3.78329,1.23199
5.31087,-3.78567,1.23745
5.31826,-3.78801,1.24288
5.32557,-3.79031,1.24827
5.33281,-3.79258,1.25362
5.33996,-3.79482,1.25894
5.34704,-3.79701,1.26422
5.35404,-3.79917,1.26947
5.36096,-3.8013,1.27468
5.3678,-3.80338,1.27985
5.37456,-3.80543,1.28499
5.38125,-3.80745,1.2901
5.38785,-3.80942,1.29517
5.39438,-3.81136,1.3002
5.40083,-3.81326,1.3052
5.40719,-3.81512,1.31016
5.41348,-3.81695,1.31509
5.41969,-3.81874,1.31998
5.42582,-3.82049,1.32483
5.43187,-3.8222,1.32965
5.43785,-3.82388,1.33443
5.44374,-3.82551,1.33918
5.44955,-3.82711,1.34389
5.45529,-3.82868,1.34857
5.46094,-3.8302,1.3532
5.46652,-3.83169,1.35781
5.47201,-3.83313,1.36238
5.47742,-3.83454,1.36691
5.48276,-3.83592,1.3714
5.48802,-3.83725,1.37586
5.49319,-3.83854,1.38029
5.49829,-3.8398,1.38467
5.5033,-3.84102,1.38903
5.50824,-3.8422,1.39334
5.51309,-3.84334,1.39762
5.51787,-3.84444,1.40186
5.52256,-3.8455,1.40607
5.52718,-3.84653,1.41024
5.53171,-3.84751,1.41438
5.53617,-3.84846,1.41848
5.54054,-3.84937,1.42254
5.54484,-3.85024,1.42657
5.54905,-3.85107,1.43056
5.55318,-3.85186,1.43451
5.55724,-3.85261,1.43843
5.56121,-3.85332,1.44231
5.5651,-3.85399,1.44616
5.56891,-3.85463,1.44997
5.57264,-3.85522,1.45374
5.57629,-3.85577,1.45748
5.57986,-3.85629,1.46118
5.58335,-3.85677,1.46485
5.58676,-3.8572,1.46847
5.59009,-3.8576,1.47207
5.59334,-3.85795,1.47562
5.59651,-3.85827,1.47914
5.59959,-3.85855,1.48263
5.6026,-3.85879,1.48608
5.60553,-3.85898,1.48949
5.60837,-3.85914,1.49287
5.61114,-3.85926,1.49621
5.61382,-3.85934,1.49951
5.61643,-3.85938,1.50278
5.61895,-3.85937,1.50601
5.62139,-3.85933,1.5092
5.62375,-3.85925,1.51236
5.62604,-3.85913,1.51549
5.62824,-3.85896,1.51857
5.63036,-3.85876,1.52163
5.6324,-3.85852,1.52464
5.63436,-3.85824,1.52762
5.63624,-3.85791,1.53056
5.63804,-3.85755,1.53347
5.63976,-3.85714,1.53634
5.6414,-3.8567,1.53918
5.64296,-3.85622,1.54198
5.64444,-3.85569,1.54474
5.64584,-3.85512,1.54747
5.64715,-3.85452,1.55016
5.64839,-3.85387,1.55281
5.64955,-3.85318,1.55543
5.65063,-3.85246,1.55802
5.65163,-3.85169,1.56056
5.65254,-3.85088,1.56308
5.65338,-3.85003,1.56555
5.65414,-3.84914,1.56799
5.65482,-3.84821,1.5704
5.65542,-3.84724,1.57277
5.65594,-3.84623,1.5751
5.65638,-3.84518,1.5774
5.65674,-3.84408,1.57966
5.65702,-3.84295,1.58189
5.65722,-3.84178,1.58408
5.65734,-3.84056,1.58624
5.65738,-3.8393,1.58836
5.65734,-3.83801,1.59044
5.65723,-3.83667,1.59249
5.65703,-3.83529,1.59451
5.65676,-3.83388,1.59649
5.6564,-3.83242,1.59843
5.65597,-3.83092,1.60034
5.65546,-3.82938,1.60221
5.65487,-3.8278,1.60405
5.6542,-3.82617,1.60585
5.65345,-3.82451,1.60762
5.65262,-3.82281,1.60935
5.65172,-3.82106,1.61105
5.65073,-3.81928,1.61271
5.64967,-3.81745,1.61433
5.64853,-3.81559,1.61593
5.64731,-3.81368,1.61748
5.64602,-3.81173,1.61901
5.64464,-3.80975,1.62049
5.64319,-3.80772,1.62195
5.64166,-3.80565,1.62336
5.64005,-3.80354,1.62475
5.63837,-3.80139,1.6261
5.63661,-3.7992,1.62741
5.63477,-3.79697,1.62869
5.63285,-3.79469,1.62993
5.63086,-3.79238,1.63114
5.62878,-3.79003,1.63232
5.62664,-3.78764,1.63346
5.62441,-3.7852,1.63457
5.62211,-3.78273,1.63564
5.61973,-3.78021,1.63668
5.61728,-3.77766,1.63769
5.61474,-3.77506,1.63866
5.61214,-3.77243,1.63959
5.60945,-3.76975,1.6405
5.6067,-3.76703,1.64136
5.60386,-3.76428,1.6422
5.60095,-3.76148,1.643
5.59796,-3.75864,1.64377
5.5949,-3.75577,1.6445
5.59176,-3.75285,1.6452
5.58855,-3.74989,1.64587
5.58526,-3.74689,1.6465
5.5819,-3.74386,1.6471
5.57846,-3.74078,1.64766
5.57495,-3.73766,1.6482
5.57136,-3.7345,1.64869
5.5677,-3.73131,1.64916
5.56397,-3.72807,1.64959
5.56016,-3.72479,1.64999
5.55627,-3.72148,1.65036
5.55232,-3.71812,1.65069
5.54829,-3.71473,1.65099
5.54418,-3.71129,1.65126
5.54,-3.70782,1.65149
5.53575,-3.7043,1.6517
5.53143,-3.70075,1.65187
5.52703,-3.69716,1.652
5.52256,-3.69352,1.65211
5.51802,-3.68985,1.65218
5.51341,-3.68614,1.65222
5.50872,-3.68239,1.65223
5.50396,-3.6786,1.6522
5.49913,-3.67478,1.65215
5.49423,-3.67091,1.65206
5.48926,-3.667,1.65194
5.48421,-3.66306,1.65178
5.4791,-3.65908,1.6516
5.47391,-3.65505,1.65138
5.46865,-3.65099,1.65113
5.46333,-3.64689,1.65086
5.45793,-3.64276,1.65054
5.45246,-3.63858,1.6502
5.44692,-3.63436,1.64983
5.44131,-3.63011,1.64942
5.43563,-3.62582,1.64898
5.42989,-3.62149,1.64852
5.42407,-3.61712,1.64802
5.41818,-3.61272,1.64749
5.41223,-3.60828,1.64693
5.40621,-3.60379,1.64634
5.40011,-3.59927,1.64571
5.39395,-3.59472,1.64506
5.38772,-3.59012,1.64438
5.38143,-3.58549,1.64367
5.37506,-3.58082,1.64292
5.36863,-3.57612,1.64215
5.36213,-3.57137,1.64134
5.35557,-3.56659,1.64051
5.34893,-3.56177,1.63964
5.34223,-3.55692,1.63875
5.33547,-3.55202,1.63782
5.32864,-3.5471,1.63687
5.32174,-3.54213,1.63589
5.31477,-3.53713,1.63487
5.30774,-3.53209,1.63383
5.30065,-3.52701,1.63276
5.29349,-3.5219,1.63165
5.28627,-3.51675,1.63052
5.27898,-3.51157,1.62936
5.27162,-3.50635,1.62818
5.2642,-3.50109,1.62696
5.25672,-3.4958,1.62571
5.24918,-3.49047,1.62444
5.24157,-3.4851,1.62313
5.2339,-3.47971,1.6218
5.22616,-3.47427,1.62044
5.21836,-3.4688,1.61905
5.2105,-3.46329,1.61763
5.20258,-3.45775,1.61619
5.19459,-3.45218,1.61471
5.18655,-3.44657,1.61321
5.17844,-3.44092,1.61168
5.17027,-3.43524,1.61012
5.16204,-3.42953,1.60854
5.15375,-3.42378,1.60693
5.1454,-3.41799,1.60529
5.13698,-3.41217,1.60362
5.12851,-3.40632,1.60193
5.11998,-3.40043,1.60021
5.11139,-3.39451,1.59846
5.10274,-3.38856,1.59668
5.09402,-3.38257,1.59488
5.08526,-3.37655,1.59306
5.07643,-3.3705,1.5912
5.06754,-3.36441,1.58932
5.0586,-3.35829,1.58741
5.0496,-3.35213,1.58548
5.04054,-3.34595,1.58352
5.03143,-3.33973,1.58153
5.02225,-3.33347,1.57952
5.01302,-3.32719,1.57748
5.00374,-3.32087,1.57542
4.9944,-3.31452,1.57333
4.985,-3.30814,1.57122
4.97555,-3.30172,1.56908
4.96604,-3.29528,1.56691
4.95648,-3.2888,1.56472
4.94686,-3.28229,1.56251
4.93719,-3.27575,1.56027
4.92746,-3.26918,1.55801
4.91768,-3.26258,1.55572
4.90785,-3.25594,1.5534
4.89796,-3.24928,1.55107
4.88803,-3.24258,1.54871
4.87803,-3.23586,1.54632
4.86799,-3.2291,1.54391
4.85789,-3.22231,1.54148
4.84774,-3.2155,1.53902
4.83755,-3.20865,1.53654
4.82729,-3.20177,1.53403
4.81699,-3.19486,1.5315
4.80664,-3.18793,1.52895
4.79624,-3.18096,1.52638
4.78579,-3.17397,1.52378
4.77528,-3.16694,1.52116
4.76473,-3.15989,1.51851
4.75413,-3.15281,1.51585
4.74348,-3.1457,1.51316
4.73279,-3.13856,1.51045
4.72204,-3.13139,1.50772
4.71125,-3.1242,1.50496
4.70041,-3.11697,1.50218
4.68952,-3.10972,1.49938
4.67858,-3.10244,1.49656
4.6676,-3.09514,1.49372
4.65658,-3.0878,1.49085
4.6455,-3.08044,1.48797
4.63438,-3.07306,1.48506
4.62322,-3.06564,1.48213
4.61201,-3.0582,1.47918
4.60076,-3.05073,1.47621
4.58946,-3.04324,1.47322
4.57812,-3.03572,1.47021
4.56673,-3.02817,1.46718
4.5553,-3.0206,1.46412
4.54383,-3.013,1.46105
4.53232,-3.00538,1.45796
4.52076,-2.99773,1.45485
4.50916,-2.99006,1.45171
4.49752,-2.98236,1.44856
4.48584,-2.97463,1.44539
4.47411,-2.96689,1.4422
4.46235,-2.95911,1.43899
4.45054,-2.95132,1.43576
4.4387,-2.9435,1.43251
4.42682,-2.93565,1.42924
4.4149,-2.92778,1.42596
4.40293,-2.91989,1.42265
4.39093,-2.91198,1.41933
4.3789,-2.90404,1.41599
4.36682,-2.89608,1.41263
4.3547,-2.8881,1.40925
4.34255,-2.88009,1.40585
4.33036,-2.87206,1.40244
4.31814,-2.86401,1.39901
4.30588,-2.85594,1.39556
4.29358,-2.84785,1.39209
4.28125,-2.83973,1.38861
4.26888,-2.83159,1.38511
4.25648,-2.82343,1.38159
4.24404,-2.81525,1.37805
4.23157,-2.80705,1.3745
4.21906,-2.79883,1.37094
4.20653,-2.79059,1.36735
4.19396,-2.78233,1.36375
4.18135,-2.77405,1.36014
4.16871,-2.76575,1.3565
4.15604,-2.75743,1.35285
4.14334,-2.74909,1.34919
4.13061,-2.74073,1.34551
4.11785,-2.73235,1.34182
4.10506,-2.72395,1.33811
4.09224,-2.71553,1.33438
4.07938,-2.7071,1.33064
4.0665,-2.69865,1.32689
4.05359,-2.69018,1.32312
4.04065,-2.68169,1.31933
4.02768,-2.67318,1.31554
4.01469,-2.66466,1.31172
4.00166,-2.65612,1.3079
3.98861,-2.64756,1.30405
3.97554,-2.63898,1.3002
3.96243,-2.63039,1.29633
3.9493,-2.62179,1.29245
3.93614,-2.61316,1.28856
3.92296,-2.60452,1.28465
3.90975,-2.59587,1.28073
3.89652,-2.5872,1.27679
3.88326,-2.57851,1.27285
3.86998,-2.56981,1.26889
3.85668,-2.5611,1.26491
3.84335,-2.55236,1.26093
3.83001,-2.54362,1.25693
3.81663,-2.53486,1.25292
3.80324,-2.52609,1.2489
3.78982,-2.5173,1.24487
3.77639,-2.5085,1.24083
3.76293,-2.49969,1.23677
3.74945,-2.49086,1.23271
3.73595,-2.48202,1.22863
3.72243,-2.47317,1.22454
3.7089,-2.46431,1.22044
3.69534,-2.45543,1.21633
3.68176,-2.44654,1.21221
3.66817,-2.43764,1.20808
3.65456,-2.42873,1.20394
3.64093,-2.41981,1.19979
3.62728,-2.41087,1.19563
3.61362,-2.40193,1.19146
3.59994,-2.39297,1.18727
3.58624,-2.384,1.18309
3.57253,-2.37503,1.17888
3.5588,-2.36604,1.17468
3.54506,-2.35705,1.17046
3.53131,-2.34804,1.16623
3.51754,-2.33903,1.162
3.50375,-2.33,1.15775
3.48996,-2.32097,1.1535
3.47615,-2.31193,1.14924
3.46232,-2.30288,1.14497
3.44849,-2.29382,1.14069
3.43464,-2.28476,1.13641
3.42079,-2.27568,1.13212
3.40692,-2.2666,1.12782
3.39304,-2.25751,1.12351
3.37915,-2.24842,1.11919
3.36525,-2.23932,1.11487
3.35133,-2.23021,1.11054
3.33742,-2.22109,1.10621
3.32349,-2.21197,1.10187
3.30956,-2.20285,1.09752
3.29562,-2.19371,1.09316
3.28166,-2.18458,1.0888
3.2677,-2.17544,1.08444
3.25374,-2.16629,1.08006
3.23977,-2.15714,1.07568
3.22579,-2.14798,1.0713
3.21181,-2.13882,1.06691
3.19782,-2.12966,1.06252
3.18383,-2.12049,1.05812
3.16983,-2.11132,1.05371
3.15583,-2.10214,1.0493
3.14182,-2.09297,1.04489
3.12781,-2.08378,1.04047
3.1138,-2.0746,1.03605
3.09979,-2.06542,1.03162
3.08577,-2.05623,1.02719
3.07175,-2.04704,1.02275
3.05774,-2.03785,1.01831
3.04371,-2.02866,1.01387
3.02969,-2.01947,1.00943
3.01567,-2.01027,1.00498
3.00165,-2.00108,1.00052
2.98762,-1.99188,0.996067
2.9736,-1.98269,0.991608
2.95958,-1.97349,0.987147
2.94557,-1.9643,0.982684
2.93155,-1.95511,0.978217
2.91754,-1.94591,0.973749
2.90353,-1.93672,0.969279
2.88952,-1.92753,0.964806
2.87552,-1.91834,0.960332
2.86152,-1.90916,0.955856
2.84753,-1.89997,0.951378
2.83354,-1.89079,0.946899
2.81955,-1.88161,0.942419
2.80557,-1.87243,0.937938
2.7916,-1.86325,0.933456
2.77763,-1.85408,0.928973
2.76367,-1.84492,0.92449
2.74972,-1.83575,0.920006
2.73577,-1.82659,0.915521
2.72183,-1.81743,0.911037
2.7079,-1.80828,0.906552
2.69398,-1.79913,0.902068
2.68006,-1.78999,0.897583
2.66616,-1.78086,0.893099
2.65226,-1.77172,0.888616
2.63838,-1.7626,0.884133
2.6245,-1.75348,0.879651
2.61064,-1.74436,0.87517
2.59679,-1.73525,0.870691
2.58295,-1.72615,0.866212
2.56912,-1.71706,0.861735
2.5553,-1.70797,0.857259
2.54149,-1.69889,0.852785
2.5277,-1.68982,0.848313
2.51392,-1.68075,0.843843
2.50016,-1.67169,0.839375
2.48641,-1.66264,0.834909
2.47267,-1.6536,0.830446
2.45895,-1.64457,0.825985
2.44524,-1.63555,0.821526
2.43155,-1.62653,0.817071
2.41787,-1.61753,0.812619
2.40421,-1.60853,0.808169
2.39057,-1.59955,0.803723
2.37694,-1.59057,0.79928
2.36334,-1.5816,0.794841
2.34974,-1.57265,0.790405
2.33617,-1.5637,0.785973
2.32262,-1.55477,0.781545
2.30908,-1.54585,0.777121
2.29556,-1.53694,0.772702
2.28206,-1.52804,0.768286
2.26858,-1.51915,0.763875
2.25513,-1.51028,0.759469
2.24169,-1.50141,0.755067
2.22827,-1.49256,0.750671
2.21487,-1.48373,0.746279
2.2015,-1.4749,0.741892
2.18814,-1.46609,0.737511
2.17481,-1.45729,0.733135
2.1615,-1.44851,0.728765
2.14822,-1.43974,0.7244
2.13496,-1.43098,0.720041
2.12172,-1.42224,0.715688
2.1085,-1.41351,0.711341
2.09531,-1.4048,0.707
2.08214,-1.3961,0.702666
2.069,-1.38742,0.698337
2.05588,-1.37875,0.694016
2.04279,-1.3701,0.689701
2.02972,-1.36146,0.685393
2.01668,-1.35284,0.681092
2.00367,-1.34424,0.676798
1.99068,-1.33565,0.672511
1.97772,-1.32708,0.668232
1.96479,-1.31853,0.66396
1.95188,-1.30999,0.659696
1.93901,-1.30148,0.655439
1.92616,-1.29297,0.65119
1.91334,-1.28449,0.646949
1.90055,-1.27603,0.642716
1.88778,-1.26758,0.638491
1.87505,-1.25915,0.634275
1.86235,-1.25074,0.630067
1.84968,-1.24235,0.625867
1.83703,-1.23397,0.621677
1.82442,-1.22562,0.617495
1.81184,-1.21729,0.613321
1.79929,-1.20897,0.609157
1.78678,-1.20068,0.605002
1.77429,-1.1924,0.600857
1.76184,-1.18415,0.59672
1.74942,-1.17591,0.592593
1.73703,-1.1677,0.588476
1.72467,-1.15951,0.584368
1.71235,-1.15134,0.58027
1.70006,-1.14318,0.576182
1.68781,-1.13506,0.572105
1.67559,-1.12695,0.568037
1.66341,-1.11886,0.563979
1.65126,-1.1108,0.559932
1.63914,-1.10276,0.555896
1.62706,-1.09474,0.551869
1.61502,-1.08674,0.547854
1.60301,-1.07876,0.543849
1.59104,-1.07081,0.539856
1.5791,-1.06288,0.535873
1.5672,-1.05498,0.531901
1.55534,-1.0471,0.527941
1.54352,-1.03924,0.523992
1.53173,-1.0314,0.520054
1.51998,-1.02359,0.516128
1.50827,-1.01581,0.512213
1.49659,-1.00804,0.50831
1.48496,-1.00031,0.504419
1.47336,-0.992592,0.50054
1.46181,-0.984904,0.496673
1.45029,-0.97724,0.492818
1.43881,-0.969602,0.488975
1.42737,-0.961988,0.485144
1.41597,-0.954401,0.481326
1.40461,-0.946839,0.47752
1.39329,-0.939302,0.473727
1.38202,-0.931792,0.469946
1.37078,-0.924308,0.466178
1.35958,-0.91685,0.462423
1.34843,-0.909418,0.458681
1.33732,-0.902013,0.454952
1.32624,-0.894635,0.451236
1.31521,-0.887283,0.447534
1.30423,-0.879959,0.443844
1.29328,-0.872662,0.440168
1.28238,-0.865392,0.436505
1.27152,-0.85815,0.432856
1.26071,-0.850935,0.42922
1.24993,-0.843748,0.425599
1.2392,-0.836589,0.421991
1.22852,-0.829458,0.418396
1.21788,-0.822355,0.414816
1.20728,-0.81528,0.41125
1.19672,-0.808234,0.407697
1.18621,-0.801217,0.404159
1.17575,-0.794228,0.400636
1.16533,-0.787268,0.397126
1.15495,-0.780337,0.393631
1.14462,-0.773435,0.39015
1.13434,-0.766563,0.386684
1.1241,-0.759719,0.383232
1.11391,-0.752906,0.379796
1.10376,-0.746122,0.376373
1.09366,-0.739367,0.372966
1.0836,-0.732643,0.369574
1.07359,-0.725949,0.366196
1.06363,-0.719284,0.362833
1.05371,-0.71265,0.359486
1.04384,-0.706046,0.356154
1.03402,-0.699473,0.352836
1.02425,-0.69293,0.349535
1.01452,-0.686418,0.346248
1.00484,-0.679937,0.342977
0.995205,-0.673486,0.339721
0.985619,-0.667066,0.336481
0.976082,-0.660678,0.333256
0.966592,-0.65432,0.330047
0.95715,-0.647994,0.326853
0.947757,-0.6417,0.323676
0.938412,-0.635436,0.320514
0.929115,-0.629205,0.317367
0.919868,-0.623004,0.314237
0.910668,-0.616836,0.311123
0.901518,-0.6107,0.308024
0.892416,-0.604595,0.304942
0.883363,-0.598522,0.301876
0.87436,-0.592482,0.298825
0.865406,-0.586473,0.295791
0.856501,-0.580497,0.292773
0.847646,-0.574553,0.289772
0.83884,-0.568642,0.286786
0.830084,-0.562762,0.283817
0.821377,-0.556916,0.280865
0.812721,-0.551102,0.277928
0.804114,-0.545321,0.275008
0.795557,-0.539572,0.272105
0.78705,-0.533856,0.269218
0.778594,-0.528173,0.266348
0.770188,-0.522523,0.263494
0.761832,-0.516906,0.260657
0.753526,-0.511322,0.257837
0.745271,-0.505771,0.255033
0.737066,-0.500253,0.252246
0.728912,-0.494769,0.249476
0.720809,-0.489317,0.246722
0.712755,-0.483899,0.243985
0.704753,-0.478515,0.241265
0.696802,-0.473163,0.238562
0.688901,-0.467845,0.235876
0.681051,-0.462561,0.233207
0.673252,-0.45731,0.230554
0.665504,-0.452092,0.227919
0.657807,-0.446908,0.2253
0.650161,-0.441758,0.222699
0.642566,-0.436641,0.220114
0.635022,-0.431558,0.217547
0.627529,-0.426509,0.214996
0.620088,-0.421493,0.212463
0.612697,-0.416511,0.209946
0.605357,-0.411563,0.207447
0.598069,-0.406648,0.204964
0.590832,-0.401767,0.202499
0.583646,-0.396921,0.200051
0.57651,-0.392107,0.19762
0.569427,-0.387328,0.195206
0.562394,-0.382583,0.192809
0.555413,-0.377871,0.190429
0.548482,-0.373193,0.188067
0.541603,-0.368549,0.185721
0.534775,-0.363939,0.183393
0.527998,-0.359363,0.181082
0.521272,-0.354821,0.178788
0.514597,-0.350312,0.176511
0.507974,-0.345837,0.174251
0.501401,-0.341397,0.172008
0.494879,-0.336989,0.169782
0.488408,-0.332616,0.167574
0.481988,-0.328277,0.165383
0.475619,-0.323971,0.163208
0.469301,-0.319699,0.161051
0.463033,-0.315461,0.158911
0.456816,-0.311256,0.156788
0.45065,-0.307085,0.154682
0.444535,-0.302948,0.152593
0.438469,-0.298844,0.150521
0.432455,-0.294774,0.148466
0.426491,-0.290738,0.146428
0.420578,-0.286735,0.144407
0.414714,-0.282765,0.142403
0.408901,-0.278829,0.140416
0.403138,-0.274927,0.138446
0.397425,-0.271057,0.136493
0.391763,-0.267221,0.134556
0.38615,-0.263419,0.132637
0.380587,-0.25965,0.130734
0.375073,-0.255913,0.128848
0.36961,-0.25221,0.126979
0.364195,-0.24854,0.125127
0.358831,-0.244903,0.123292
0.353516,-0.241299,0.121473
0.348249,-0.237728,0.119671
0.343033,-0.23419,0.117885
0.337865,-0.230685,0.116116
0.332746,-0.227212,0.114364
0.327676,-0.223772,0.112628
0.322655,-0.220364,0.110909
0.317682,-0.216989,0.109206
0.312758,-0.213647,0.107519
0.307882,-0.210336,0.105849
0.303054,-0.207058,0.104195
0.298275,-0.203813,0.102558
0.293543,-0.200599,0.100937
0.288859,-0.197418,0.0993321
0.284223,-0.194268,0.0977435
0.279634,-0.19115,0.0961709
0.275094,-0.188064,0.0946144
0.2706,-0.18501,0.0930741
0.266153,-0.181988,0.0915497
0.261753,-0.178997,0.0900412
0.2574,-0.176037,0.0885487
0.253093,-0.173108,0.087072
0.248833,-0.170211,0.0856111
0.24462,-0.167345,0.084166
0.240453,-0.16451,0.0827367
0.236331,-0.161706,0.0813229
0.232255,-0.158933,0.0799247
0.228226,-0.15619,0.0785422
0.224241,-0.153478,0.077175
0.220302,-0.150797,0.0758233
0.216408,-0.148145,0.0744871
0.212559,-0.145525,0.073166
0.208755,-0.142934,0.0718603
0.204995,-0.140373,0.0705696
0.20128,-0.137842,0.0692943
0.197608,-0.135341,0.0680338
0.193981,-0.132869,0.0667884
0.190398,-0.130428,0.0655581
0.186858,-0.128015,0.0643424
0.183362,-0.125632,0.0631417
0.179909,-0.123278,0.0619557
0.176499,-0.120953,0.0607844
0.173131,-0.118656,0.0596277
0.169807,-0.116389,0.0584854
0.166524,-0.11415,0.0573578
0.163284,-0.111939,0.0562444
0.160086,-0.109757,0.0551453
0.156929,-0.107603,0.0540607
0.153814,-0.105478,0.0529901
0.15074,-0.103379,0.0519336
0.147707,-0.101309,0.0508912
0.144716,-0.0992664,0.0498627
0.141764,-0.0972514,0.048848
0.138854,-0.0952634,0.0478473
0.135983,-0.0933027,0.0468602
0.133152,-0.0913687,0.0458868
0.130361,-0.089462,0.0449269
0.127609,-0.0875816,0.0439806
0.124896,-0.0857279,0.0430475
0.122222,-0.0839005,0.0421278
0.119587,-0.0820994,0.0412214
0.11699,-0.0803242,0.0403282
0.114432,-0.078575,0.039448
0.111911,-0.0768514,0.0385809
0.109428,-0.0751536,0.0377265
0.106983,-0.0734808,0.036885
0.104575,-0.0718336,0.0360562
0.102203,-0.0702111,0.0352402
0.0998688,-0.0686138,0.0344366
0.0975702,-0.0670409,0.0336455
0.0953083,-0.0654926,0.032867
0.0930815,-0.0639687,0.0321006
0.0908909,-0.062469,0.0313463
0.0887353,-0.0609931,0.0306043
0.0866151,-0.0595413,0.0298742
0.0845294,-0.058113,0.0291561
0.0824785,-0.0567083,0.0284498
0.0804613,-0.0553266,0.0277553
0.0784783,-0.0539681,0.0270723
0.076529,-0.0526323,0.0264009
0.0746136,-0.0513197,0.0257412
0.072731,-0.0500293,0.0250925
0.0708807,-0.0487614,0.0244554
0.0690637,-0.0475154,0.0238293
0.0672784,-0.0462917,0.0232143
0.0655255,-0.0450895,0.0226103
0.0638037,-0.0439091,0.0220171
0.062114,-0.04275,0.0214348
0.0604548,-0.041612,0.0208631
0.0588269,-0.040495,0.020302
0.057229,-0.0393991,0.0197515
0.0556622,-0.0383235,0.0192113
0.0541244,-0.0372686,0.0186813
0.0526171,-0.0362337,0.0181618
0.0511384,-0.035219,0.0176522
0.0496893,-0.0342239,0.0171524
0.0482688,-0.0332485,0.0166628
0.0468769,-0.0322926,0.0161828
0.0455127,-0.0313559,0.0157125
0.0441771,-0.0304383,0.0152521
0.0428681,-0.0295395,0.0148007
0.0415874,-0.0286591,0.0143588
0.0403328,-0.0277975,0.0139262
0.0391054,-0.0269537,0.0135029
0.037904,-0.0261283,0.0130887
0.0367289,-0.0253203,0.0126832
0.0355797,-0.0245303,0.0122868
0.0344555,-0.0237575,0.0118991
0.0333567,-0.0230017,0.01152
0.0322824,-0.0222631,0.0111494
0.0312333,-0.0215414,0.0107872
0.0302076,-0.020836,0.0104335
0.0292063,-0.0201472,0.010088
0.0282283,-0.0194743,0.00975055
0.0272739,-0.0188177,0.00942123
0.0263422,-0.0181763,0.00909966
0.0254335,-0.0175508,0.00878608
0.0245469,-0.0169405,0.00847995
0.0236826,-0.0163455,0.00818169
0.0228393,-0.0157651,0.00789082
0.0220182,-0.0151997,0.00760728
0.0212178,-0.0146486,0.00733101
0.0204389,-0.0141119,0.00706202
0.01968,-0.0135889,0.00680012
0.0189416,-0.0130804,0.00654507
0.0182226,-0.0125849,0.00629681
0.0175235,-0.0121032,0.00605553
0.0168431,-0.0116347,0.00582075
0.0161829,-0.0111794,0.00559253
0.0155404,-0.0107368,0.00537097
0.0149169,-0.0103066,0.00515538
0.0143108,-0.00988889,0.00494611
0.0137231,-0.00948358,0.00474322
0.0131528,-0.0090903,0.00454611
0.0125992,-0.0087086,0.00435495
0.0120625,-0.00833833,0.00416964
0.0115428,-0.00797951,0.00399005
0.011039,-0.00763202,0.00381601
0.0105512,-0.00729549,0.00364745
0.0100791,-0.00696957,0.00348437
0.0096221,-0.00665438,0.00332654
0.00918078,-0.00634944,0.00317383
0.00875378,-0.00605488,0.00302643
0.00834107,-0.00576985,0.00288397
0.00794268,-0.00549519,0.00274634
0.00755835,-0.00522947,0.00261348
0.00718737,-0.00497341,0.00248528
0.00682974,-0.00472605,0.00236154
0.00648522,-0.00448847,0.00224257
0.00615358,-0.00425923,0.00212789
